datetime,arrival_rate,job_count,hour,day_of_week,is_weekend,is_business_hours,arrival_rate_mean_12,arrival_rate_std_12,arrival_rate_max_12,arrival_rate_min_12,arrival_rate_mean_24,arrival_rate_std_24,arrival_rate_max_24,arrival_rate_min_24,scenario
2011-05-01 00:00:00,387502.84,387503,0,6,1,0,387502.84375,,387502.84375,387502.84375,387502.84375,,387502.84375,387502.84375,scenario_nominal
2011-05-01 00:05:00,397764.97,397765,0,6,1,0,392633.90625,7256.418176883999,397764.96875,387502.84375,392633.90625,7256.418176883999,397764.96875,387502.84375,scenario_nominal
2011-05-01 00:10:00,399047.72,399048,0,6,1,0,394771.84375,6327.72728873685,399047.71875,387502.84375,394771.84375,6327.72728873685,399047.71875,387502.84375,scenario_nominal
2011-05-01 00:15:00,400330.5,400330,0,6,1,0,396161.5078125,5866.692985561174,400330.5,387502.84375,396161.5078125,5866.692985561174,400330.5,387502.84375,scenario_nominal
2011-05-01 00:20:00,401185.7,401186,0,6,1,0,397166.34375,5555.361486580511,401185.6875,387502.84375,397166.34375,5555.361486580511,401185.6875,387502.84375,scenario_nominal
2011-05-01 00:25:00,399475.3,399475,0,6,1,0,397551.171875,5057.488419365062,401185.6875,387502.84375,397551.171875,5057.488419365062,401185.6875,387502.84375,scenario_nominal
2011-05-01 00:30:00,392633.9,392634,0,6,1,0,396848.7053571429,4976.883769419923,401185.6875,387502.84375,396848.7053571429,4976.883769419923,401185.6875,387502.84375,scenario_nominal
2011-05-01 00:35:00,379806.25,379806,0,6,1,0,394718.3984375,7585.285156623729,401185.6875,379806.25,394718.3984375,7585.285156623729,401185.6875,379806.25,scenario_nominal
2011-05-01 00:40:00,369971.72,369972,0,6,1,0,391968.7673611111,10880.658139564715,401185.6875,369971.71875,391968.7673611111,10880.658139564715,401185.6875,369971.71875,scenario_nominal
2011-05-01 00:45:00,369544.12,369544,0,6,1,0,389726.303125,12470.801003062998,401185.6875,369544.125,389726.303125,12470.801003062998,401185.6875,369544.125,scenario_nominal
2011-05-01 00:50:00,375102.78,375103,0,6,1,0,388396.8920454545,12625.745993595698,401185.6875,369544.125,388396.8920454545,12625.745993595698,401185.6875,369544.125,scenario_nominal
2011-05-01 00:55:00,383654.53,383655,0,6,1,0,388001.6953125,12115.76898609782,401185.6875,369544.125,388001.6953125,12115.76898609782,401185.6875,369544.125,scenario_nominal
2011-05-01 01:00:00,392633.9,392634,1,6,1,0,388429.2838541667,12186.896767825148,401185.6875,369544.125,388358.0192307693,11670.894174495876,401185.6875,369544.125,scenario_nominal
2011-05-01 01:05:00,400758.1,400758,1,6,1,0,388678.7109375,12423.668597627387,401185.6875,369544.125,389243.73883928574,11692.522623524132,401185.6875,369544.125,scenario_nominal
2011-05-01 01:10:00,408027.1,408027,1,6,1,0,389426.9921875,13341.48503440078,408027.09375,369544.125,390495.9625,12266.649237366477,408027.09375,369544.125,scenario_nominal
2011-05-01 01:15:00,413158.16,413158,1,6,1,0,390495.9635416667,14735.599195720892,413158.15625,369544.125,391912.349609375,13135.36233643378,413158.15625,369544.125,scenario_nominal
2011-05-01 01:20:00,416578.88,416579,1,6,1,0,391778.7291666667,16334.06629849502,416578.875,369544.125,393363.3216911765,14055.055119934936,416578.875,369544.125,scenario_nominal
2011-05-01 01:25:00,418289.22,418289,1,6,1,0,393346.5546875,17961.804629054852,418289.21875,369544.125,394748.09375,14847.255339920262,418289.21875,369544.125,scenario_nominal
2011-05-01 01:30:00,418716.8,418717,1,6,1,0,395520.1302083333,19389.171363970963,418716.8125,369544.125,396009.6052631579,15441.213814275805,418716.8125,369544.125,scenario_nominal
2011-05-01 01:35:00,417861.62,417862,1,6,1,0,398691.4114583333,19695.111735750652,418716.8125,369544.125,397102.20625,15803.721649125368,418716.8125,369544.125,scenario_nominal
2011-05-01 01:40:00,415723.7,415724,1,6,1,0,402504.0755208333,17984.115415295622,418716.8125,369544.125,397988.94345238095,15930.53976652067,418716.8125,369544.125,scenario_nominal
2011-05-01 01:45:00,411020.22,411020,1,6,1,0,405960.4166666667,14772.589198009857,418716.8125,375102.78125,398581.2741477273,15792.911695980778,418716.8125,369544.125,scenario_nominal
2011-05-01 01:50:00,404178.8,404179,1,6,1,0,408383.4192708333,11204.919610299046,418716.8125,383654.53125,398824.6453804348,15473.889169081249,418716.8125,369544.125,scenario_nominal
2011-05-01 01:55:00,396909.78,396910,1,6,1,0,409488.0234375,8977.431909120736,418716.8125,392633.90625,398744.859375,15138.808949837052,418716.8125,369544.125,scenario_nominal
2011-05-01 02:00:00,390923.56,390924,2,6,1,0,409345.4947916667,9277.888137753192,418716.8125,390923.5625,398887.3893229167,15044.171993458049,418716.8125,369544.125,scenario_nominal
2011-05-01 02:05:00,386220.06,386220,2,6,1,0,408133.9921875,11242.373538498694,418716.8125,386220.0625,398406.3515625,15264.581563826749,418716.8125,369544.125,scenario_nominal
2011-05-01 02:10:00,381944.2,381944,2,6,1,0,405960.4166666667,13549.578545363662,418716.8125,381944.1875,397693.7044270833,15628.254886765311,418716.8125,369544.125,scenario_nominal
2011-05-01 02:15:00,378095.9,378096,2,6,1,0,403038.5625,15496.857660132911,418716.8125,378095.90625,396767.2630208333,16116.553767351425,418716.8125,369544.125,scenario_nominal
2011-05-01 02:20:00,374247.6,374248,2,6,1,0,399510.9557291667,16889.830924749607,418716.8125,374247.59375,395644.8424479167,16722.119146567296,418716.8125,369544.125,scenario_nominal
2011-05-01 02:25:00,368688.94,368689,2,6,1,0,395377.5989583333,17914.667080438685,418716.8125,368688.9375,394362.0768229167,17574.598503013272,418716.8125,368688.9375,scenario_nominal
2011-05-01 02:30:00,360137.16,360137,2,6,1,0,390495.9609375,18929.278666012164,417861.625,360137.15625,393008.0455729167,18914.322601782136,418716.8125,360137.15625,scenario_nominal
2011-05-01 02:35:00,350302.62,350303,2,6,1,0,384866.0442708333,20063.00676072712,415723.6875,350302.625,391778.7278645833,20685.515830949545,418716.8125,350302.625,scenario_nominal
2011-05-01 02:40:00,341323.28,341323,2,6,1,0,378666.0104166667,21127.87833302677,411020.21875,341323.28125,390585.04296875,22724.715752608143,418716.8125,341323.28125,scenario_nominal
2011-05-01 02:45:00,339185.3,339185,2,6,1,0,372679.7682291667,21303.369849069197,404178.8125,339185.3125,389320.0924479167,24705.48425865413,418716.8125,339185.3125,scenario_nominal
2011-05-01 02:50:00,368261.34,368261,2,6,1,0,369686.6458333333,18858.3151203761,396909.78125,339185.3125,389035.0325520833,24915.23948354785,418716.8125,339185.3125,scenario_nominal
2011-05-01 02:55:00,445654.9,445655,2,6,1,0,373748.7395833333,28194.23984077128,445654.90625,339185.3125,391618.3815104167,27421.335984603906,445654.90625,339185.3125,scenario_nominal
2011-05-01 03:00:00,556827.94,556828,3,6,1,0,387574.1041666667,60055.577637744165,556827.9375,339185.3125,398459.7994791667,43471.24409316617,556827.9375,339185.3125,scenario_nominal
2011-05-01 03:05:00,655600.9,655601,3,6,1,0,410022.5052083333,97915.89359427222,655600.875,339185.3125,409078.2486979167,68166.81708393691,655600.875,339185.3125,scenario_nominal
2011-05-01 03:10:00,673132.0,673132,3,6,1,0,434288.15625,123153.67225193152,673132.0,339185.3125,420124.2864583333,86895.58044653658,673132.0,339185.3125,scenario_nominal
2011-05-01 03:15:00,605145.44,605145,3,6,1,0,453208.9505208333,130931.5508217614,673132.0,339185.3125,428123.7565104167,94711.88956679536,673132.0,339185.3125,scenario_nominal
2011-05-01 03:20:00,537158.8,537159,3,6,1,0,466784.8854166667,130444.97006581524,673132.0,339185.3125,433147.9205729167,97237.36362278229,673132.0,339185.3125,scenario_nominal
2011-05-01 03:25:00,496965.53,496966,3,6,1,0,477474.6015625,126882.76922207706,673132.0,339185.3125,436426.1002604167,98037.57125010704,673132.0,339185.3125,scenario_nominal
2011-05-01 03:30:00,473875.75,473876,3,6,1,0,486952.8177083333,121452.73868109086,673132.0,339185.3125,438724.3893229167,98250.67537595876,673132.0,339185.3125,scenario_nominal
2011-05-01 03:35:00,459765.3,459765,3,6,1,0,496074.7083333333,114147.3623610549,673132.0,339185.3125,440470.3763020833,98236.1378853178,673132.0,339185.3125,scenario_nominal
2011-05-01 03:40:00,449075.6,449076,3,6,1,0,505054.0677083333,104715.71451215816,673132.0,339185.3125,441860.0390625,98106.66230776078,673132.0,339185.3125,scenario_nominal
2011-05-01 03:45:00,438385.88,438386,3,6,1,0,513320.78125,93775.03585951358,673132.0,368261.34375,443000.2747395833,97891.43661804534,673132.0,339185.3125,scenario_nominal
2011-05-01 03:50:00,425130.62,425131,3,6,1,0,518059.8880208333,86967.64524326498,673132.0,425130.625,443873.2669270833,97623.23205215383,673132.0,339185.3125,scenario_nominal
2011-05-01 03:55:00,413158.16,413158,3,6,1,0,515351.8255208333,89884.25548447423,673132.0,413158.15625,444550.2825520833,97339.30875579944,673132.0,339185.3125,scenario_nominal
2011-05-01 04:00:00,403751.22,403751,4,6,1,0,502595.4322916667,94220.57967252114,673132.0,403751.21875,445084.7682291667,97066.8810158532,673132.0,339185.3125,scenario_nominal
2011-05-01 04:05:00,396482.2,396482,4,6,1,0,481002.2083333333,85230.61834754374,673132.0,396482.1875,445512.3567708333,96818.5877049677,673132.0,339185.3125,scenario_nominal
2011-05-01 04:10:00,391351.12,391351,4,6,1,0,457520.46875,63542.10924018033,605145.4375,391351.125,445904.3125,96568.7714079826,673132.0,339185.3125,scenario_nominal
2011-05-01 04:15:00,387502.84,387503,4,6,1,0,439383.5859375,46295.07563440795,537158.8125,387502.84375,446296.2682291667,96300.30013715266,673132.0,339185.3125,scenario_nominal
2011-05-01 04:20:00,384937.3,384937,4,6,1,0,426698.4609375,36987.74651476605,496965.53125,384937.3125,446741.6731770833,95976.75177059164,673132.0,339185.3125,scenario_nominal
2011-05-01 04:25:00,382799.38,382799,4,6,1,0,417184.6145833333,31554.479038185866,473875.75,382799.375,447329.6080729167,95519.95925752564,673132.0,339185.3125,scenario_nominal
2011-05-01 04:30:00,380233.84,380234,4,6,1,0,409381.1223958333,27589.98067083356,459765.3125,380233.84375,448166.9700520833,94807.79868720906,673132.0,339185.3125,scenario_nominal
2011-05-01 04:35:00,377240.72,377241,4,6,1,0,402504.0729166667,23932.083044209063,449075.59375,377240.71875,449289.390625,93752.40220335763,673132.0,339185.3125,scenario_nominal
2011-05-01 04:40:00,375102.78,375103,4,6,1,0,396339.671875,20059.268401927548,438385.875,375102.78125,450696.8697916667,92303.42813106584,673132.0,339185.3125,scenario_nominal
2011-05-01 04:45:00,375102.78,375103,4,6,1,0,391066.0807291667,15884.554820599084,425130.625,375102.78125,452193.4309895833,90693.9697798738,673132.0,368261.34375,scenario_nominal
2011-05-01 04:50:00,376385.53,376386,4,6,1,0,387003.9895833333,12182.805480903362,413158.15625,375102.78125,452531.9388020833,90381.70357495312,673132.0,375102.78125,scenario_nominal
2011-05-01 04:55:00,376385.53,376386,4,6,1,0,383939.6041666667,9286.61779516017,403751.21875,375102.78125,449645.71484375,91707.15649904028,673132.0,375102.78125,scenario_nominal
2011-05-01 05:00:00,373392.4,373392,5,6,1,0,381409.703125,7327.36149296551,396482.1875,373392.40625,442002.5677083333,90014.29166356822,673132.0,373392.40625,scenario_nominal
2011-05-01 05:05:00,367406.2,367406,5,6,1,0,378986.703125,6667.833282801171,391351.125,367406.1875,429994.4557291667,78806.00318337603,673132.0,367406.1875,scenario_nominal
2011-05-01 05:10:00,360992.34,360992,5,6,1,0,376456.8046875,7281.1925554468735,387502.84375,360992.34375,416988.63671875,60585.79088559248,605145.4375,360992.34375,scenario_nominal
2011-05-01 05:15:00,356288.88,356289,5,6,1,0,373855.640625,8456.90234753743,384937.3125,356288.875,406619.61328125,46683.83724573896,537158.8125,356288.875,scenario_nominal
2011-05-01 05:20:00,354150.94,354151,5,6,1,0,371290.109375,9405.99246629575,382799.375,354150.9375,398994.28515625,38697.679679302775,496965.53125,354150.9375,scenario_nominal
2011-05-01 05:25:00,354578.53,354579,5,6,1,0,368938.3723958333,9787.0289084684,380233.84375,354150.9375,393061.4934895833,33604.0766262595,473875.75,354150.9375,scenario_nominal
2011-05-01 05:30:00,355861.28,355861,5,6,1,0,366907.3255208333,9758.754141000463,377240.71875,354150.9375,388144.2239583333,29668.44612780776,459765.3125,354150.9375,scenario_nominal
2011-05-01 05:35:00,357999.22,357999,5,6,1,0,365303.8671875,9483.423400480457,376385.53125,354150.9375,383903.9700520833,26037.27339817356,449075.59375,354150.9375,scenario_nominal
2011-05-01 05:40:00,361419.94,361420,5,6,1,0,364163.6302083333,9008.84929545218,376385.53125,354150.9375,380251.6510416667,22390.46352020964,438385.875,354150.9375,scenario_nominal
2011-05-01 05:45:00,368688.94,368689,5,6,1,0,363629.1432291667,8475.302550301907,376385.53125,354150.9375,377347.6119791667,18745.85336538357,425130.625,354150.9375,scenario_nominal
2011-05-01 05:50:00,381944.2,381944,5,6,1,0,364092.3645833333,9343.343812282745,381944.1875,354150.9375,375548.1770833333,15801.15902961882,413158.15625,354150.9375,scenario_nominal
2011-05-01 05:55:00,397764.97,397765,5,6,1,0,365873.984375,13159.549264267833,397764.96875,354150.9375,374906.7942708333,14463.99545915256,403751.21875,354150.9375,scenario_nominal
2011-05-01 06:00:00,409737.44,409737,6,6,1,0,368902.7369791667,18246.56094555215,409737.4375,354150.9375,375156.2200520833,15023.813783326395,409737.4375,354150.9375,scenario_nominal
2011-05-01 06:05:00,411875.4,411875,6,6,1,0,372608.5052083333,22037.00374707473,411875.40625,354150.9375,375797.6041666667,16252.188260927776,411875.40625,354150.9375,scenario_nominal
2011-05-01 06:10:00,402896.03,402896,6,6,1,0,376100.4791666667,23312.1063297492,411875.40625,354150.9375,376278.6419270833,16890.86779170764,411875.40625,354150.9375,scenario_nominal
2011-05-01 06:15:00,390495.97,390496,6,6,1,0,378951.0703125,22754.05526083324,411875.40625,354150.9375,376403.35546875,16988.114683658954,411875.40625,354150.9375,scenario_nominal
2011-05-01 06:20:00,388358.03,388358,6,6,1,0,381801.6614583333,21471.230703044857,411875.40625,354578.53125,376545.8854166667,17076.945082640228,411875.40625,354150.9375,scenario_nominal
2011-05-01 06:25:00,399047.72,399048,6,6,1,0,385507.4270833333,20141.96549562296,411875.40625,355861.28125,377222.8997395833,17648.171770231325,411875.40625,354150.9375,scenario_nominal
2011-05-01 06:30:00,408882.28,408882,6,6,1,0,389925.84375,18819.49542544993,411875.40625,357999.21875,378416.5846354167,18792.443767991528,411875.40625,354150.9375,scenario_nominal
2011-05-01 06:35:00,410165.03,410165,6,6,1,0,394272.9947916667,16677.28490376435,411875.40625,361419.9375,379788.4309895833,19873.51393139802,411875.40625,354150.9375,scenario_nominal
2011-05-01 06:40:00,404606.38,404606,6,6,1,0,397871.8645833333,13251.014222474938,411875.40625,368688.9375,381017.7473958333,20474.48737708952,411875.40625,354150.9375,scenario_nominal
2011-05-01 06:45:00,403323.62,403324,6,6,1,0,400758.0885416667,9580.274008248049,411875.40625,381944.1875,382193.6158854167,20925.424433310563,411875.40625,354150.9375,scenario_nominal
2011-05-01 06:50:00,410165.03,410165,6,6,1,0,403109.8255208333,7849.480861156646,411875.40625,388358.03125,383601.0950520833,21641.556446961884,411875.40625,354150.9375,scenario_nominal
2011-05-01 06:55:00,414440.94,414441,6,6,1,0,404499.4895833333,8281.471421688866,414440.9375,388358.03125,385186.7369791667,22468.23794760067,414440.9375,354150.9375,scenario_nominal
2011-05-01 07:00:00,411447.8,411448,7,6,1,0,404642.0208333333,8393.773499015837,414440.9375,388358.03125,386772.37890625,22937.623432929184,414440.9375,354150.9375,scenario_nominal
2011-05-01 07:05:00,406744.34,406744,7,6,1,0,404214.4322916667,8117.958109865879,414440.9375,388358.03125,388411.46875,22899.06616571864,414440.9375,354150.9375,scenario_nominal
2011-05-01 07:10:00,406744.34,406744,7,6,1,0,404535.125,8137.130539196163,414440.9375,388358.03125,390317.8020833333,22416.525005449246,414440.9375,354150.9375,scenario_nominal
2011-05-01 07:15:00,410592.62,410593,7,6,1,0,406209.8463541667,6969.289295968804,414440.9375,388358.03125,392580.4583333333,21556.541923288994,414440.9375,354150.9375,scenario_nominal
2011-05-01 07:20:00,409737.44,409737,7,6,1,0,407991.4635416667,4155.473994900187,414440.9375,399047.71875,394896.5625,20190.97218761857,414440.9375,354578.53125,scenario_nominal
2011-05-01 07:25:00,404606.38,404606,7,6,1,0,408454.6848958333,3286.901976111076,414440.9375,403323.625,396981.0559895833,18345.69885805688,414440.9375,355861.28125,scenario_nominal
2011-05-01 07:30:00,399475.3,399475,7,6,1,0,407670.7708333333,4176.917148268913,414440.9375,399475.3125,398798.3072916667,16120.625618199228,414440.9375,357999.21875,scenario_nominal
2011-05-01 07:35:00,396054.62,396055,7,6,1,0,406494.9036458333,5257.328657839874,414440.9375,396054.625,400383.94921875,13609.036378361316,414440.9375,361419.9375,scenario_nominal
2011-05-01 07:40:00,394771.84,394772,7,6,1,0,405675.359375,6251.096703160385,414440.9375,394771.84375,401773.6119791667,10888.144036485552,414440.9375,368688.9375,scenario_nominal
2011-05-01 07:45:00,396054.62,396055,7,6,1,0,405069.609375,6825.50689765066,414440.9375,394771.84375,402913.8489583333,8427.68834850864,414440.9375,381944.1875,scenario_nominal
2011-05-01 07:50:00,398620.16,398620,7,6,1,0,404107.5364583333,6855.575690117255,414440.9375,394771.84375,403608.6809895833,7225.313319059764,414440.9375,388358.03125,scenario_nominal
2011-05-01 07:55:00,402040.84,402041,7,6,1,0,403074.1953125,6042.776401703984,411447.8125,394771.84375,403786.8424479167,7127.002704328139,414440.9375,388358.03125,scenario_nominal
2011-05-01 08:00:00,404606.38,404606,8,6,1,0,402504.0755208333,5477.194735866924,410592.625,394771.84375,403573.0481770833,7016.845922048781,414440.9375,388358.03125,scenario_nominal
2011-05-01 08:05:00,405461.56,405462,8,6,1,0,402397.1770833333,5398.872030223901,410592.625,394771.84375,403305.8046875,6805.861261500723,414440.9375,388358.03125,scenario_nominal
2011-05-01 08:10:00,403323.62,403324,8,6,1,0,402112.1171875,5236.335890764937,410592.625,394771.84375,403323.62109375,6805.301570987042,414440.9375,388358.03125,scenario_nominal
2011-05-01 08:15:00,398620.16,398620,8,6,1,0,401114.4114583333,4572.060674625801,409737.4375,394771.84375,403662.12890625,6324.564923352525,414440.9375,388358.03125,scenario_nominal
2011-05-01 00:00:00,306261.0,306261,0,6,1,0,306261.0,,306261.0,306261.0,306261.0,,306261.0,306261.0,scenario_optimistic
2011-05-01 00:05:00,293433.34,293433,0,6,1,0,299847.171875,9070.522721105,306261.0,293433.34375,299847.171875,9070.522721105,306261.0,293433.34375,scenario_optimistic
2011-05-01 00:10:00,281033.28,281033,0,6,1,0,293575.875,12614.463313997758,306261.0,281033.28125,293575.875,12614.463313997758,306261.0,281033.28125,scenario_optimistic
2011-05-01 00:15:00,277612.56,277613,0,6,1,0,289585.046875,13030.347640282956,306261.0,277612.5625,289585.046875,13030.347640282956,306261.0,277612.5625,scenario_optimistic
2011-05-01 00:20:00,276757.38,276757,0,6,1,0,287019.5125,12659.079858603624,306261.0,276757.375,287019.5125,12659.079858603624,306261.0,276757.375,scenario_optimistic
2011-05-01 00:25:00,276757.38,276757,0,6,1,0,285309.15625,12072.851912646303,306261.0,276757.375,285309.15625,12072.851912646303,306261.0,276757.375,scenario_optimistic
2011-05-01 00:30:00,277184.97,277185,0,6,1,0,284148.55803571426,11440.73330657882,306261.0,276757.375,284148.55803571426,11440.73330657882,306261.0,276757.375,scenario_optimistic
2011-05-01 00:35:00,276757.38,276757,0,6,1,0,283224.66015625,10909.649463319636,306261.0,276757.375,283224.66015625,10909.649463319636,306261.0,276757.375,scenario_optimistic
2011-05-01 00:40:00,277184.97,277185,0,6,1,0,282553.5833333333,10401.73023617946,306261.0,276757.375,282553.5833333333,10401.73023617946,306261.0,276757.375,scenario_optimistic
2011-05-01 00:45:00,278040.16,278040,0,6,1,0,282102.240625,9910.162331235268,306261.0,276757.375,282102.240625,9910.162331235268,306261.0,276757.375,scenario_optimistic
2011-05-01 00:50:00,279750.5,279750,0,6,1,0,281888.4460227273,9428.3071195131,306261.0,276757.375,281888.4460227273,9428.3071195131,306261.0,276757.375,scenario_optimistic
2011-05-01 00:55:00,281460.88,281461,0,6,1,0,281852.8151041667,8990.38543834367,306261.0,276757.375,281852.8151041667,8990.38543834367,306261.0,276757.375,scenario_optimistic
2011-05-01 01:00:00,283171.22,283171,1,6,1,0,279928.6666666667,4773.486103463541,293433.34375,276757.375,281954.23076923075,8615.401978533282,306261.0,276757.375,scenario_optimistic
2011-05-01 01:05:00,284881.56,284882,1,6,1,0,279216.0182291667,2807.5923986194366,284881.5625,276757.375,282163.3258928572,8314.301836143135,306261.0,276757.375,scenario_optimistic
2011-05-01 01:10:00,286591.94,286592,1,6,1,0,279679.2395833333,3506.295348397496,286591.9375,276757.375,282458.56666666665,8093.048557432909,306261.0,276757.375,scenario_optimistic
2011-05-01 01:15:00,287874.7,287875,1,6,1,0,280534.4166666667,4148.9698177417695,287874.6875,276757.375,282797.07421875,7935.007063293326,306261.0,276757.375,scenario_optimistic
2011-05-01 01:20:00,287874.7,287875,1,6,1,0,281460.859375,4458.571266131577,287874.6875,276757.375,283095.7573529412,7781.109398740148,306261.0,276757.375,scenario_optimistic
2011-05-01 01:25:00,287019.5,287020,1,6,1,0,282316.0364583333,4458.569086526692,287874.6875,276757.375,283313.7430555556,7605.226732765655,306261.0,276757.375,scenario_optimistic
2011-05-01 01:30:00,284453.97,284454,1,6,1,0,282921.7864583333,4183.37535749757,287874.6875,276757.375,283373.7549342105,7395.579534474949,306261.0,276757.375,scenario_optimistic
2011-05-01 01:35:00,281460.88,281461,1,6,1,0,283313.7447916667,3751.33480291922,287874.6875,277184.96875,283278.1109375,7211.025527014989,306261.0,276757.375,scenario_optimistic
2011-05-01 01:40:00,278467.75,278468,1,6,1,0,283420.6432291667,3574.941617834755,287874.6875,278040.15625,283049.0461309524,7106.393536194809,306261.0,276757.375,scenario_optimistic
2011-05-01 01:45:00,275047.03,275047,1,6,1,0,283171.2161458333,4056.458982974012,287874.6875,275047.03125,282685.3181818182,7141.889397600811,306261.0,275047.03125,scenario_optimistic
2011-05-01 01:50:00,272053.9,272054,1,6,1,0,282529.8333333333,5116.464259531005,287874.6875,272053.90625,282223.08288043475,7321.360322199169,306261.0,272053.90625,scenario_optimistic
2011-05-01 01:55:00,269915.97,269916,1,6,1,0,281567.7578125,6287.217247027113,287874.6875,269915.96875,281710.2864583333,7588.33483312568,306261.0,269915.96875,scenario_optimistic
2011-05-01 02:00:00,269060.78,269061,2,6,1,0,280391.8880208333,7211.615922674229,287874.6875,269060.78125,280160.27734375,5985.550557275551,293433.34375,269060.78125,scenario_optimistic
2011-05-01 02:05:00,269060.78,269061,2,6,1,0,279073.4895833333,7742.798160055632,287874.6875,269060.78125,279144.75390625,5696.26257773999,287874.6875,269060.78125,scenario_optimistic
2011-05-01 02:10:00,270343.56,270344,2,6,1,0,277719.4583333333,7729.188579745436,287874.6875,269060.78125,278699.3489583333,5954.258798004689,287874.6875,269060.78125,scenario_optimistic
2011-05-01 02:15:00,272481.5,272482,2,6,1,0,276436.6927083333,7145.918055429079,287874.6875,269060.78125,278485.5546875,6085.6463315419,287874.6875,269060.78125,scenario_optimistic
2011-05-01 02:20:00,275474.62,275475,2,6,1,0,275403.3541666667,6171.709504776834,287019.5,269060.78125,278432.1067708333,6107.079396988143,287874.6875,269060.78125,scenario_optimistic
2011-05-01 02:25:00,278467.75,278468,2,6,1,0,274690.7083333333,5111.051209449402,284453.96875,269060.78125,278503.3723958333,6096.657261219249,287874.6875,269060.78125,scenario_optimistic
2011-05-01 02:30:00,282316.03,282316,2,6,1,0,274512.546875,4765.354958435298,282316.03125,269060.78125,278717.1666666667,6138.2389207081005,287874.6875,269060.78125,scenario_optimistic
2011-05-01 02:35:00,286591.94,286592,2,6,1,0,274940.1354166667,5602.216422467567,286591.9375,269060.78125,279126.9401041667,6327.080382787502,287874.6875,269060.78125,scenario_optimistic
2011-05-01 02:40:00,291723.0,291723,2,6,1,0,276044.7395833333,7384.331027000628,291723.0,269060.78125,279732.69140625,6810.534687288431,291723.0,269060.78125,scenario_optimistic
2011-05-01 02:45:00,297281.62,297282,2,6,1,0,277897.6223958333,9575.648924411877,297281.625,269060.78125,280534.4192708333,7679.707241039683,297281.625,269060.78125,scenario_optimistic
2011-05-01 02:50:00,302840.28,302840,2,6,1,0,280463.1536458333,11745.898242462166,302840.28125,269060.78125,281496.4934895833,8922.893472116566,302840.28125,269060.78125,scenario_optimistic
2011-05-01 02:55:00,308826.53,308827,2,6,1,0,283705.7005208333,13766.547523206742,308826.53125,269060.78125,282636.7291666667,10523.144346929,308826.53125,269060.78125,scenario_optimistic
2011-05-01 03:00:00,313957.6,313958,3,6,1,0,287447.1015625,15425.547110498985,313957.59375,269060.78125,283919.4947916667,12314.996540678869,313957.59375,269060.78125,scenario_optimistic
2011-05-01 03:05:00,318233.47,318233,3,6,1,0,291544.8255208333,16584.960521634115,318233.46875,270343.5625,285309.1575520833,14170.292789099743,318233.46875,269060.78125,scenario_optimistic
2011-05-01 03:10:00,320799.0,320799,3,6,1,0,295749.4453125,17108.842238644367,320799.0,272481.5,286734.4518229167,15917.537238697738,320799.0,269060.78125,scenario_optimistic
2011-05-01 03:15:00,321226.6,321227,3,6,1,0,299811.5364583333,16867.17659708898,321226.59375,275474.625,288124.1145833333,17407.549118697363,321226.59375,269060.78125,scenario_optimistic
2011-05-01 03:20:00,319088.66,319089,3,6,1,0,303446.0390625,15812.32226032025,321226.59375,278467.75,289424.6966145833,18518.69551846998,321226.59375,269060.78125,scenario_optimistic
2011-05-01 03:25:00,315240.38,315240,3,6,1,0,306510.4244791667,13989.706695998266,321226.59375,282316.03125,290600.56640625,19241.201411657104,321226.59375,269060.78125,scenario_optimistic
2011-05-01 03:30:00,310109.3,310109,3,6,1,0,308826.53125,11739.761311700857,321226.59375,286591.9375,291669.5390625,19594.29129488009,321226.59375,269060.78125,scenario_optimistic
2011-05-01 03:35:00,303695.47,303695,3,6,1,0,310251.8255208333,9646.5492193865,321226.59375,291723.0,292595.98046875,19616.25423582575,321226.59375,269060.78125,scenario_optimistic
2011-05-01 03:40:00,296854.06,296854,3,6,1,0,310679.4140625,8829.721119408727,321226.59375,296854.0625,293362.0768229167,19398.31859035682,321226.59375,269060.78125,scenario_optimistic
2011-05-01 03:45:00,290012.62,290013,3,6,1,0,310073.6640625,10003.708163169404,321226.59375,290012.625,293985.6432291667,19020.84150600684,321226.59375,269060.78125,scenario_optimistic
2011-05-01 03:50:00,284026.4,284026,3,6,1,0,308505.8411458333,12422.329365135034,321226.59375,284026.40625,294484.4973958333,18572.347665391502,321226.59375,269060.78125,scenario_optimistic
2011-05-01 03:55:00,279322.9,279323,3,6,1,0,306047.2057291667,15004.42093960476,321226.59375,279322.90625,294876.453125,18125.18352854756,321226.59375,269060.78125,scenario_optimistic
2011-05-01 04:00:00,275047.03,275047,4,6,1,0,302804.6588541667,17185.42294906598,321226.59375,275047.03125,295125.8802083333,17792.61732263362,321226.59375,269060.78125,scenario_optimistic
2011-05-01 04:05:00,272053.9,272054,4,6,1,0,298956.3619791667,18533.93527899176,321226.59375,272053.90625,295250.59375,17611.544673099826,321226.59375,270343.5625,scenario_optimistic
2011-05-01 04:10:00,269488.38,269488,4,6,1,0,294680.4765625,18950.74331457032,321226.59375,269488.375,295214.9609375,17664.913479240393,321226.59375,269488.375,scenario_optimistic
2011-05-01 04:15:00,268205.62,268206,4,6,1,0,290262.0625,18370.901466260595,319088.65625,268205.625,295036.7994791667,17923.828025152252,321226.59375,268205.625,scenario_optimistic
2011-05-01 04:20:00,266922.84,266923,4,6,1,0,285914.9114583333,17054.362774262547,315240.375,266922.84375,294680.4752604167,18408.093310263805,321226.59375,266922.84375,scenario_optimistic
2011-05-01 04:25:00,266067.66,266068,4,6,1,0,281817.1848958333,15171.140538405503,310109.3125,266067.65625,294163.8046875,19045.900930848256,321226.59375,266067.65625,scenario_optimistic
2011-05-01 04:30:00,266067.66,266068,4,6,1,0,278147.046875,12855.00528159591,303695.46875,266067.65625,293486.7890625,19760.73103074425,321226.59375,266067.65625,scenario_optimistic
2011-05-01 04:35:00,265640.1,265640,4,6,1,0,274975.765625,10448.0554417696,296854.0625,265640.09375,292613.7955729167,20526.54477432704,321226.59375,265640.09375,scenario_optimistic
2011-05-01 04:40:00,265640.1,265640,4,6,1,0,272374.6015625,8135.683069627978,290012.625,265640.09375,291527.0078125,21253.37663052596,321226.59375,265640.09375,scenario_optimistic
2011-05-01 04:45:00,265640.1,265640,4,6,1,0,270343.5572916667,6126.208703279822,284026.40625,265640.09375,290208.6106770833,21853.80179354045,321226.59375,265640.09375,scenario_optimistic
2011-05-01 04:50:00,266495.25,266495,4,6,1,0,268882.6276041667,4419.091747594808,279322.90625,265640.09375,288694.234375,22197.006588469023,321226.59375,265640.09375,scenario_optimistic
2011-05-01 04:55:00,267350.44,267350,4,6,1,0,267884.921875,2957.506293834666,275047.03125,265640.09375,286966.0638020833,22176.009223753677,321226.59375,265640.09375,scenario_optimistic
2011-05-01 05:00:00,269488.38,269488,5,6,1,0,267421.7005208333,2020.7028751925916,272053.90625,265640.09375,285113.1796875,21674.834601484727,321226.59375,265640.09375,scenario_optimistic
2011-05-01 05:05:00,272053.9,272054,5,6,1,0,267421.7005208333,2020.7028751925916,272053.90625,265640.09375,283189.03125,20631.44413915487,321226.59375,265640.09375,scenario_optimistic
2011-05-01 05:10:00,275474.62,275475,5,6,1,0,267920.5546875,3052.6862197242863,275474.625,265640.09375,281300.515625,19053.135918057927,321226.59375,265640.09375,scenario_optimistic
2011-05-01 05:15:00,280605.7,280606,5,6,1,0,268953.8932291667,4772.322586867715,280605.6875,265640.09375,279607.9778645833,17051.258254177315,319088.65625,265640.09375,scenario_optimistic
2011-05-01 05:20:00,286164.34,286164,5,6,1,0,270557.3515625,6820.738384627191,286164.34375,265640.09375,278236.1315104167,14929.165000310077,315240.375,265640.09375,scenario_optimistic
2011-05-01 05:25:00,292578.16,292578,5,6,1,0,272766.5598958333,9135.039686393817,292578.15625,265640.09375,277291.8723958333,13090.354706278287,310109.3125,265640.09375,scenario_optimistic
2011-05-01 05:30:00,298564.4,298564,5,6,1,0,275474.6223958333,11483.540740009494,298564.40625,265640.09375,276810.8346354167,11998.555477316504,303695.46875,265640.09375,scenario_optimistic
2011-05-01 05:35:00,303695.47,303695,5,6,1,0,278645.9036458333,13583.421396763477,303695.46875,265640.09375,276810.8346354167,11998.555477316504,303695.46875,265640.09375,scenario_optimistic
2011-05-01 05:40:00,307971.34,307971,5,6,1,0,282173.5078125,15288.454222472052,307971.34375,265640.09375,277274.0546875,12980.418813033495,307971.34375,265640.09375,scenario_optimistic
2011-05-01 05:45:00,310109.3,310109,5,6,1,0,285879.2760416667,16274.262844904146,310109.3125,266495.25,278111.4166666667,14407.658061672086,310109.3125,265640.09375,scenario_optimistic
2011-05-01 05:50:00,310536.88,310537,5,6,1,0,289549.4114583333,16470.32023666489,310536.875,267350.4375,279216.01953125,15827.183214386723,310536.875,265640.09375,scenario_optimistic
2011-05-01 05:55:00,310964.47,310964,5,6,1,0,293183.9140625,15929.620378765743,310964.46875,269488.375,280534.41796875,17102.923945293613,310964.46875,265640.09375,scenario_optimistic
2011-05-01 06:00:00,311819.66,311820,6,6,1,0,296711.5208333333,14856.174292156997,311819.65625,272053.90625,282066.6106770833,18201.818047546385,311819.65625,265640.09375,scenario_optimistic
2011-05-01 06:05:00,316523.12,316523,6,6,1,0,300417.2890625,13643.093974892548,316523.125,275474.625,283919.4947916667,19364.5159188691,316523.125,265640.09375,scenario_optimistic
2011-05-01 06:10:00,325930.06,325930,6,6,1,0,304621.9088541667,13017.796671948014,325930.0625,280605.6875,286271.2317708333,20901.98403608971,325930.0625,265640.09375,scenario_optimistic
2011-05-01 06:15:00,340895.7,340896,6,6,1,0,309646.0755208333,14460.587354144238,340895.6875,286164.34375,289299.984375,23299.41438193827,340895.6875,265640.09375,scenario_optimistic
2011-05-01 06:20:00,360137.16,360137,6,6,1,0,315810.4765625,18689.21389637008,360137.15625,292578.15625,293183.9140625,26898.337594929137,360137.15625,265640.09375,scenario_optimistic
2011-05-01 06:25:00,381516.6,381517,6,6,1,0,323222.0130208333,25155.040220389164,381516.59375,298564.40625,297994.2864583333,31727.776532127416,381516.59375,265640.09375,scenario_optimistic
2011-05-01 06:30:00,401613.25,401613,6,6,1,0,331809.4166666667,32491.681425369126,401613.25,303695.46875,303642.01953125,37361.364629642754,401613.25,265640.09375,scenario_optimistic
2011-05-01 06:35:00,416578.88,416579,6,6,1,0,341216.3671875,39250.22450633323,416578.875,307971.34375,309931.1354166667,42969.33259994636,416578.875,265640.09375,scenario_optimistic
2011-05-01 06:40:00,424703.06,424703,6,6,1,0,350944.0104166667,44390.471499152685,424703.0625,310109.3125,316558.7591145833,47832.61161833723,424703.0625,265640.09375,scenario_optimistic
2011-05-01 06:45:00,427268.6,427269,6,6,1,0,360707.2838541667,47376.40852074017,427268.59375,310536.875,323293.2799479167,51582.99238975979,427268.59375,266495.25,scenario_optimistic
2011-05-01 06:50:00,425558.22,425558,6,6,1,0,370292.3958333333,47935.41706390531,427268.59375,310964.46875,329920.9036458333,54124.01596268532,427268.59375,267350.4375,scenario_optimistic
2011-05-01 06:55:00,421709.94,421710,6,6,1,0,379521.1848958333,46100.44408020437,427268.59375,311819.65625,336352.5494791667,55518.8128152468,427268.59375,269488.375,scenario_optimistic
2011-05-01 07:00:00,416578.88,416579,7,6,1,0,388251.1197916667,41836.255094616936,427268.59375,316523.125,342481.3203125,55933.8696369924,427268.59375,272053.90625,scenario_optimistic
2011-05-01 07:05:00,410165.03,410165,7,6,1,0,396054.6119791667,35493.37331042648,427268.59375,325930.0625,348235.9505208333,55475.82097351796,427268.59375,275474.625,scenario_optimistic
2011-05-01 07:10:00,402896.03,402896,7,6,1,0,402468.4427083333,27786.983416047333,427268.59375,340895.6875,353545.17578125,54294.30243819881,427268.59375,280605.6875,scenario_optimistic
2011-05-01 07:15:00,394771.84,394772,7,6,1,0,406958.1223958333,20269.609334317625,427268.59375,360137.15625,358302.0989583333,52600.80547537299,427268.59375,286164.34375,scenario_optimistic
2011-05-01 07:20:00,384937.3,384937,7,6,1,0,409024.8020833333,15842.6550423356,427268.59375,381516.59375,362417.6393229167,50534.75071121512,427268.59375,292578.15625,scenario_optimistic
2011-05-01 07:25:00,374247.6,374248,7,6,1,0,408419.0520833333,17080.654670482054,427268.59375,374247.59375,365820.5325520833,48329.02887102802,427268.59375,298564.40625,scenario_optimistic
2011-05-01 07:30:00,363985.47,363985,7,6,1,0,405283.4036458333,21361.12291918644,427268.59375,363985.46875,368546.41015625,46167.29354822788,427268.59375,303695.46875,scenario_optimistic
2011-05-01 07:35:00,354578.53,354579,7,6,1,0,400116.7083333333,25481.424289778744,427268.59375,354578.53125,370666.5377604167,44185.48616051361,427268.59375,307971.34375,scenario_optimistic
2011-05-01 07:40:00,346881.9,346882,7,6,1,0,393631.6119791667,28391.917011011883,427268.59375,346881.90625,372287.8111979167,42465.408935419175,427268.59375,310109.3125,scenario_optimistic
2011-05-01 07:45:00,339612.9,339613,7,6,1,0,386326.9713541667,30171.315693191173,425558.21875,339612.90625,373517.1276041667,40988.52779603892,427268.59375,310536.875,scenario_optimistic
2011-05-01 07:50:00,329778.38,329778,7,6,1,0,378345.3177083333,31489.626914804216,421709.9375,329778.375,374318.8567708333,39876.17041483412,427268.59375,310964.46875,scenario_optimistic
2011-05-01 07:55:00,314812.78,314813,7,6,1,0,369437.2213541667,33181.601428367605,416578.875,314812.78125,374479.203125,39617.23588421884,427268.59375,311819.65625,scenario_optimistic
2011-05-01 08:00:00,295998.88,295999,8,6,1,0,359388.8880208333,35764.93023301804,410165.03125,295998.875,373820.00390625,40818.57940183057,427268.59375,295998.875,scenario_optimistic
2011-05-01 08:05:00,275474.62,275475,8,6,1,0,348164.6875,39337.73029157249,402896.03125,275474.625,372109.6497395833,44055.43519132288,427268.59375,275474.625,scenario_optimistic
2011-05-01 08:10:00,257088.3,257088,8,6,1,0,336014.04296875,43222.214679403616,394771.84375,257088.296875,369241.2428385417,49140.5095659418,427268.59375,257088.296875,scenario_optimistic
2011-05-01 08:15:00,245115.81,245116,8,6,1,0,323542.70703125,46214.28032804096,384937.3125,245115.8125,365250.4147135417,55073.69512536912,427268.59375,245115.8125,scenario_optimistic
2011-05-01 00:00:00,782594.7,782595,0,6,1,0,782594.6875,,782594.6875,782594.6875,782594.6875,,782594.6875,782594.6875,scenario_pessimistic
2011-05-01 00:05:00,783449.9,783450,0,6,1,0,783022.28125,604.7088804359706,783449.875,782594.6875,783022.28125,604.7088804359706,783449.875,782594.6875,scenario_pessimistic
2011-05-01 00:10:00,818939.75,818940,0,6,1,0,794994.7708333334,20741.36825004836,818939.75,782594.6875,794994.7708333334,20741.36825004836,818939.75,782594.6875,scenario_pessimistic
2011-05-01 00:15:00,814236.25,814236,0,6,1,0,799805.140625,19477.20551618548,818939.75,782594.6875,799805.140625,19477.20551618548,818939.75,782594.6875,scenario_pessimistic
2011-05-01 00:20:00,823215.6,823216,0,6,1,0,804487.2375,19852.740535609133,823215.625,782594.6875,804487.2375,19852.740535609133,823215.625,782594.6875,scenario_pessimistic
2011-05-01 00:25:00,817229.4,817229,0,6,1,0,806610.9270833334,18503.11838846429,823215.625,782594.6875,806610.9270833334,18503.11838846429,823215.625,782594.6875,scenario_pessimistic
2011-05-01 00:30:00,819794.94,819795,0,6,1,0,808494.3571428572,17610.668734371295,823215.625,782594.6875,808494.3571428572,17610.668734371295,823215.625,782594.6875,scenario_pessimistic
2011-05-01 00:35:00,833050.2,833050,0,6,1,0,811563.8359375,18471.712441279567,833050.1875,782594.6875,811563.8359375,18471.712441279567,833050.1875,782594.6875,scenario_pessimistic
2011-05-01 00:40:00,848870.94,848871,0,6,1,0,815709.0694444445,21288.501306879527,848870.9375,782594.6875,815709.0694444445,21288.501306879527,848870.9375,782594.6875,scenario_pessimistic
2011-05-01 00:45:00,865974.5,865974,0,6,1,0,820735.6125,25602.852404427143,865974.5,782594.6875,820735.6125,25602.852404427143,865974.5,782594.6875,scenario_pessimistic
2011-05-01 00:50:00,889491.9,889492,0,6,1,0,826986.1818181818,31933.07424808872,889491.875,782594.6875,826986.1818181818,31933.07424808872,889491.875,782594.6875,scenario_pessimistic
2011-05-01 00:55:00,914292.0,914292,0,6,1,0,834261.6666666666,39524.82078663271,914292.0,782594.6875,834261.6666666666,39524.82078663271,914292.0,782594.6875,scenario_pessimistic
2011-05-01 01:00:00,929257.6,929258,1,6,1,0,846483.578125,44463.03875384515,929257.625,783449.875,841569.0480769231,46110.72402386786,929257.625,782594.6875,scenario_pessimistic
2011-05-01 01:05:00,935671.44,935671,1,6,1,0,859168.7083333334,46511.832470009904,935671.4375,814236.25,848290.6473214285,50942.74885031669,935671.4375,782594.6875,scenario_pessimistic
2011-05-01 01:10:00,937809.4,937809,1,6,1,0,869074.5104166666,49713.12479262992,937809.375,814236.25,854258.5625,54258.96240454831,937809.375,782594.6875,scenario_pessimistic
2011-05-01 01:15:00,931395.56,931396,1,6,1,0,878837.7864583334,49468.22907095525,937809.375,817229.375,859079.625,55853.81185916923,937809.375,782594.6875,scenario_pessimistic
2011-05-01 01:20:00,889491.9,889492,1,6,1,0,884360.8072916666,46291.37187369219,937809.375,817229.375,860868.5808823529,54580.91657376774,937809.375,782594.6875,scenario_pessimistic
2011-05-01 01:25:00,805256.9,805257,1,6,1,0,883363.0989583334,47968.41768657052,937809.375,805256.875,857779.0416666666,54549.52986776012,937809.375,782594.6875,scenario_pessimistic
2011-05-01 01:30:00,703918.4,703918,1,6,1,0,873706.71875,68986.96168607863,937809.375,703918.375,849681.1118421053,63689.01109435177,937809.375,703918.375,scenario_pessimistic
2011-05-01 01:35:00,622676.56,622677,1,6,1,0,856175.5833333334,100011.95701927962,937809.375,622676.5625,838330.884375,80120.87400201484,937809.375,622676.5625,scenario_pessimistic
2011-05-01 01:40:00,600014.4,600014,1,6,1,0,835437.5364583334,124473.6973898339,937809.375,600014.375,826982.4791666666,93823.76588331696,937809.375,600014.375,scenario_pessimistic
2011-05-01 01:45:00,608566.1,608566,1,6,1,0,813986.8385416666,139950.39922066603,937809.375,600014.375,817054.4630681818,102723.68011359156,937809.375,600014.375,scenario_pessimistic
2011-05-01 01:50:00,607710.94,607711,1,6,1,0,790505.09375,149447.24986694005,937809.375,600014.375,807952.570652174,109443.74499907075,937809.375,600014.375,scenario_pessimistic
2011-05-01 01:55:00,597876.44,597876,1,6,1,0,764137.1302083334,153480.42589275213,937809.375,597876.4375,799199.3984375,115308.2225236141,937809.375,597876.4375,scenario_pessimistic
2011-05-01 02:00:00,597021.25,597021,2,6,1,0,736450.765625,150931.40364413976,937809.375,597021.25,791467.171875,122469.70762873103,937809.375,597021.25,scenario_pessimistic
2011-05-01 02:05:00,609848.9,609849,2,6,1,0,709298.8854166666,140801.48568664095,937809.375,597021.25,784233.796875,127967.0951541767,937809.375,597021.25,scenario_pessimistic
2011-05-01 02:10:00,640207.7,640208,2,6,1,0,684498.7447916666,121823.8774053933,931395.5625,597021.25,776786.6276041666,131023.76987242309,937809.375,597021.25,scenario_pessimistic
2011-05-01 02:15:00,670994.06,670994,2,6,1,0,662798.6197916666,93820.53512184211,889491.875,597021.25,770818.203125,132497.89377846618,937809.375,597021.25,scenario_pessimistic
2011-05-01 02:20:00,686814.9,686815,2,6,1,0,645908.8697916666,62223.20935921552,805256.875,597021.25,765134.8385416666,133076.7622231004,937809.375,597021.25,scenario_pessimistic
2011-05-01 02:25:00,681683.8,681684,2,6,1,0,635611.1145833334,39548.06078053406,703918.375,597021.25,759487.1067708334,133644.8041973646,937809.375,597021.25,scenario_pessimistic
2011-05-01 02:30:00,642773.25,642773,2,6,1,0,630515.6875,33409.84348507134,686814.875,597021.25,752111.203125,135049.24542241043,937809.375,597021.25,scenario_pessimistic
2011-05-01 02:35:00,585048.75,585049,2,6,1,0,627380.0364583334,35886.433108891855,686814.875,585048.75,741777.8098958334,138041.72613162018,937809.375,585048.75,scenario_pessimistic
2011-05-01 02:40:00,540151.94,540152,2,6,1,0,622391.5,43408.663528826895,686814.875,540151.9375,728914.5182291666,141956.79523797447,937809.375,540151.9375,scenario_pessimistic
2011-05-01 02:45:00,517489.78,517490,2,6,1,0,614801.8046875,52957.46206027707,686814.875,517489.78125,714394.3216145834,145115.3579499537,937809.375,517489.78125,scenario_pessimistic
2011-05-01 02:50:00,509365.6,509366,2,6,1,0,606606.359375,61133.20103709956,686814.875,509365.59375,698555.7265625,145915.65511988953,937809.375,509365.59375,scenario_pessimistic
2011-05-01 02:55:00,508082.84,508083,2,6,1,0,599123.5598958334,67466.29804986664,686814.875,508082.84375,681630.3450520834,143339.70563667204,937809.375,508082.84375,scenario_pessimistic
2011-05-01 03:00:00,508938.0,508938,3,6,1,0,591783.2890625,72332.04727569965,686814.875,508082.84375,664117.02734375,137320.06772653924,937809.375,508082.84375,scenario_pessimistic
2011-05-01 03:05:00,507655.25,507655,3,6,1,0,583267.1536458334,75937.79901163782,686814.875,507655.25,646283.01953125,127996.5470105236,937809.375,507655.25,scenario_pessimistic
2011-05-01 03:10:00,498675.88,498676,3,6,1,0,571472.8359375,77269.44084349454,686814.875,498675.875,627985.7903645834,115264.72290599652,931395.5625,498675.875,scenario_pessimistic
2011-05-01 03:15:00,484565.47,484565,3,6,1,0,555937.1197916666,74118.05423040949,686814.875,484565.46875,609367.8697916666,99076.13401065784,889491.875,484565.46875,scenario_pessimistic
2011-05-01 03:20:00,472165.38,472165,3,6,1,0,538049.6614583334,65001.76922170395,681683.8125,472165.375,591979.265625,83110.24333032347,805256.875,472165.375,scenario_pessimistic
2011-05-01 03:25:00,461903.25,461903,3,6,1,0,519734.6145833333,50108.741162313134,642773.25,461903.25,577672.8645833334,73835.4413218983,703918.375,461903.25,scenario_pessimistic
2011-05-01 03:30:00,453351.5,453352,3,6,1,0,503949.46875,35544.987497820286,585048.75,453351.5,567232.578125,72917.56749297114,686814.875,453351.5,scenario_pessimistic
2011-05-01 03:35:00,453779.1,453779,3,6,1,0,493010.3307291667,27637.102398982497,540151.9375,453351.5,560195.18359375,75440.56327872089,686814.875,453351.5,scenario_pessimistic
2011-05-01 03:40:00,461475.7,461476,3,6,1,0,486453.9765625,24602.61810584046,517489.78125,453351.5,554422.73828125,77532.50971076386,686814.875,453351.5,scenario_pessimistic
2011-05-01 03:45:00,474303.34,474303,3,6,1,0,482855.1067708333,22737.976511265093,509365.59375,453351.5,548828.4557291666,78296.03203541304,686814.875,453351.5,scenario_pessimistic
2011-05-01 03:50:00,490551.7,490552,3,6,1,0,481287.28125,21350.124221009697,508938.0,453351.5,543946.8203125,78117.32671432594,686814.875,453351.5,scenario_pessimistic
2011-05-01 03:55:00,503806.94,503807,3,6,1,0,480930.9557291667,20893.05012804539,508938.0,453351.5,540027.2578125,77652.3411994687,686814.875,453351.5,scenario_pessimistic
2011-05-01 04:00:00,518344.97,518345,4,6,1,0,481714.8697916667,22176.471082964617,518344.96875,453351.5,536749.0794270834,76797.66521171706,686814.875,453351.5,scenario_pessimistic
2011-05-01 04:05:00,533738.1,533738,4,6,1,0,483888.4427083333,25913.45261908795,533738.125,453351.5,533577.7981770834,75202.737266525,686814.875,453351.5,scenario_pessimistic
2011-05-01 04:10:00,538014.0,538014,4,6,1,0,487166.6197916667,30103.650868194145,538014.0,453351.5,529319.7278645834,71715.0119532382,686814.875,453351.5,scenario_pessimistic
2011-05-01 04:15:00,527751.9,527752,4,6,1,0,490765.4869791667,32268.05705157424,538014.0,453351.5,523351.3033854167,65063.81432613536,686814.875,453351.5,scenario_pessimistic
2011-05-01 04:20:00,507227.66,507228,4,6,1,0,493687.34375,32017.17501068472,538014.0,453351.5,515868.5026041667,54994.74910448472,681683.8125,453351.5,scenario_pessimistic
2011-05-01 04:25:00,479434.4,479434,4,6,1,0,495148.2734375,30812.33560171703,538014.0,453351.5,507441.4440104167,42574.78057988015,642773.25,453351.5,scenario_pessimistic
2011-05-01 04:30:00,446510.06,446510,4,6,1,0,494578.1536458333,31706.330214032645,538014.0,446510.0625,499263.8111979167,33286.008231135085,585048.75,446510.0625,scenario_pessimistic
2011-05-01 04:35:00,420854.75,420855,4,6,1,0,491834.4583333333,36604.08288352392,538014.0,420854.75,492422.39453125,31724.79999296132,540151.9375,420854.75,scenario_pessimistic
2011-05-01 04:40:00,421282.34,421282,4,6,1,0,488485.0130208333,41186.67946627518,538014.0,420854.75,487469.4947916667,33194.22151707868,538014.0,420854.75,scenario_pessimistic
2011-05-01 04:45:00,449503.2,449503,4,6,1,0,486418.3333333333,42562.22954098596,538014.0,420854.75,484636.7200520833,33421.11286219353,538014.0,420854.75,scenario_pessimistic
2011-05-01 04:50:00,486703.4,486703,4,6,1,0,486097.6432291667,42542.748300633015,538014.0,420854.75,483692.4622395833,33009.671246647325,538014.0,420854.75,scenario_pessimistic
2011-05-01 04:55:00,511503.53,511504,4,6,1,0,486739.0260416667,42890.60433484583,538014.0,420854.75,483834.9908854167,33126.73976201834,538014.0,420854.75,scenario_pessimistic
2011-05-01 05:00:00,515351.84,515352,5,6,1,0,486489.5989583333,42698.365413231535,538014.0,420854.75,484102.234375,33363.08640769391,538014.0,420854.75,scenario_pessimistic
2011-05-01 05:05:00,499531.06,499531,5,6,1,0,483639.0104166667,40333.60971196958,538014.0,420854.75,483763.7265625,33154.28452096093,538014.0,420854.75,scenario_pessimistic
2011-05-01 05:10:00,466606.75,466607,5,6,1,0,477688.40625,36684.58051069932,527751.875,420854.75,482427.5130208333,33173.38499910721,538014.0,420854.75,scenario_pessimistic
2011-05-01 05:15:00,427696.2,427696,5,6,1,0,469350.4322916667,35626.7930779547,515351.84375,420854.75,480057.9596354167,34995.08176843797,538014.0,420854.75,scenario_pessimistic
2011-05-01 05:20:00,397337.38,397337,5,6,1,0,460192.9088541667,38971.81468098142,515351.84375,397337.375,476940.1263020833,38849.86889411228,538014.0,397337.375,scenario_pessimistic
2011-05-01 05:25:00,376385.53,376386,5,6,1,0,451605.5026041667,45201.91518512899,515351.84375,376385.53125,473376.8880208333,43884.52343270149,538014.0,376385.53125,scenario_pessimistic
2011-05-01 05:30:00,361847.53,361848,5,6,1,0,444550.2916666667,52143.64983191624,515351.84375,361847.53125,469564.22265625,49336.24180405503,538014.0,361847.53125,scenario_pessimistic
2011-05-01 05:35:00,350302.62,350303,5,6,1,0,438670.9479166667,58632.06241840644,515351.84375,350302.625,465252.703125,54974.89819983939,538014.0,350302.625,scenario_pessimistic
2011-05-01 05:40:00,339612.9,339613,5,6,1,0,431865.1614583333,65205.419106897694,515351.84375,339612.90625,460175.0872395833,60671.54166197793,538014.0,339612.90625,scenario_pessimistic
2011-05-01 05:45:00,326357.66,326358,5,6,1,0,421603.0338541667,71558.12134014351,515351.84375,326357.65625,454010.68359375,66417.43076769086,538014.0,326357.65625,scenario_pessimistic
2011-05-01 05:50:00,307543.78,307544,5,6,1,0,406673.0651041667,75331.2798987797,515351.84375,307543.78125,446385.3541666667,72286.00816796011,538014.0,307543.78125,scenario_pessimistic
2011-05-01 05:55:00,287019.5,287020,5,6,1,0,387966.0625,74803.34502466406,515351.84375,287019.5,437352.5442708333,78108.94788099978,538014.0,287019.5,scenario_pessimistic
2011-05-01 06:00:00,271198.72,271199,6,6,1,0,367619.96875,70058.97361692112,499531.0625,271198.71875,427054.7838541667,83099.0624235764,538014.0,271198.71875,scenario_pessimistic
2011-05-01 06:05:00,267350.44,267350,6,6,1,0,348271.5833333333,61903.13522006646,466606.75,267350.4375,415955.296875,85970.88039313786,538014.0,267350.4375,scenario_pessimistic
2011-05-01 06:10:00,280178.1,280178,6,6,1,0,332735.8619791667,52126.75778460917,427696.1875,267350.4375,405212.1341145833,86164.6480296539,527751.875,267350.4375,scenario_pessimistic
2011-05-01 06:15:00,316095.53,316096,6,6,1,0,323435.8072916667,42758.02170986709,397337.375,267350.4375,396393.1197916667,83878.57465835502,515351.84375,267350.4375,scenario_pessimistic
2011-05-01 06:20:00,374675.2,374675,6,6,1,0,321547.2916666667,39579.57129763522,376385.53125,267350.4375,390870.1002604167,80561.7332376279,515351.84375,267350.4375,scenario_pessimistic
2011-05-01 06:25:00,435392.78,435393,6,6,1,0,326464.5625,49447.28639823514,435392.78125,267350.4375,389035.0325520833,78941.98455745292,515351.84375,267350.4375,scenario_pessimistic
2011-05-01 06:30:00,474303.34,474303,6,6,1,0,335835.8802083333,64979.62412834814,474303.34375,267350.4375,390193.0859375,80018.30470438775,515351.84375,267350.4375,scenario_pessimistic
2011-05-01 06:35:00,490124.12,490124,6,6,1,0,347487.671875,78862.52241486186,490124.125,267350.4375,393079.3098958333,82386.5536237303,515351.84375,267350.4375,scenario_pessimistic
2011-05-01 06:40:00,492689.66,492690,6,6,1,0,360244.0677083333,89178.6606022321,492689.65625,267350.4375,396054.6145833333,84706.10790679838,515351.84375,267350.4375,scenario_pessimistic
2011-05-01 06:45:00,491834.47,491834,6,6,1,0,374033.8020833333,95995.75371767774,492689.65625,267350.4375,397818.41796875,86293.29031922114,515351.84375,267350.4375,scenario_pessimistic
2011-05-01 06:50:00,492689.66,492690,6,6,1,0,389462.625,99164.11465506566,492689.65625,267350.4375,398067.8450520833,86569.58812400627,515351.84375,267350.4375,scenario_pessimistic
2011-05-01 06:55:00,493972.4,493972,6,6,1,0,406708.7005208333,97713.54844891666,493972.40625,267350.4375,397337.3815104167,85639.78571313225,515351.84375,267350.4375,scenario_pessimistic
2011-05-01 07:00:00,494827.6,494828,7,6,1,0,425344.4401041667,90584.8711841072,494827.59375,267350.4375,396482.2044270833,84505.04305696435,499531.0625,267350.4375,scenario_pessimistic
2011-05-01 07:05:00,492689.66,492690,7,6,1,0,444122.7083333333,77226.703311778,494827.59375,280178.09375,396197.1458333333,84153.12373283235,494827.59375,267350.4375,scenario_pessimistic
2011-05-01 07:10:00,479434.4,479434,7,6,1,0,460727.4010416667,57732.99849548864,494827.59375,316095.53125,396731.6315104167,84658.97891363328,494827.59375,267350.4375,scenario_pessimistic
2011-05-01 07:15:00,444372.12,444372,7,6,1,0,471417.1171875,36484.07770733633,494827.59375,374675.1875,397426.4622395833,84991.94547120933,494827.59375,267350.4375,scenario_pessimistic
2011-05-01 07:20:00,405461.56,405462,7,6,1,0,473982.6484375,29471.27725745305,494827.59375,405461.5625,397764.9700520833,85007.75235319862,494827.59375,267350.4375,scenario_pessimistic
2011-05-01 07:25:00,377668.3,377668,7,6,1,0,469172.2760416667,39385.87111866386,494827.59375,377668.3125,397818.4192708333,84994.12761323476,494827.59375,267350.4375,scenario_pessimistic
2011-05-01 07:30:00,358426.8,358427,7,6,1,0,459515.8984375,50617.09878144506,494827.59375,358426.8125,397675.8893229167,85059.91394944905,494827.59375,267350.4375,scenario_pessimistic
2011-05-01 07:35:00,343888.8,343889,7,6,1,0,447329.6223958333,59416.62849855533,494827.59375,343888.8125,397408.6471354167,85225.1380358491,494827.59375,267350.4375,scenario_pessimistic
2011-05-01 07:40:00,334481.84,334482,7,6,1,0,434145.6380208333,65660.95581887709,494827.59375,334481.84375,397194.8528645833,85382.71728500271,494827.59375,267350.4375,scenario_pessimistic
2011-05-01 07:45:00,329778.38,329778,7,6,1,0,420640.9635416667,69282.67651482474,494827.59375,329778.375,397337.3828125,85262.09692597078,494827.59375,267350.4375,scenario_pessimistic
2011-05-01 07:50:00,328923.2,328923,7,6,1,0,406993.7578125,69926.69118838647,494827.59375,328923.1875,398228.19140625,84390.38303977244,494827.59375,267350.4375,scenario_pessimistic
2011-05-01 07:55:00,329350.78,329351,7,6,1,0,393275.2890625,67414.56104746742,494827.59375,328923.1875,399991.9947916667,82383.51612485107,494827.59375,267350.4375,scenario_pessimistic
2011-05-01 08:00:00,330633.56,330634,8,6,1,0,379592.453125,61316.19153010945,492689.65625,328923.1875,402468.4466145833,79174.4640482172,494827.59375,267350.4375,scenario_pessimistic
2011-05-01 08:05:00,332343.9,332344,8,6,1,0,366230.3072916667,51039.47965071591,479434.40625,328923.1875,405176.5078125,75372.19845592696,494827.59375,280178.09375,scenario_pessimistic
2011-05-01 08:10:00,333626.7,333627,8,6,1,0,354079.6640625,37088.93947494317,444372.125,328923.1875,407403.5325520833,72242.95146297044,494827.59375,316095.53125,scenario_pessimistic
2011-05-01 08:15:00,335337.03,335337,8,6,1,0,344993.40625,24006.288106751133,405461.5625,328923.1875,408205.26171875,71286.01785771691,494827.59375,328923.1875,scenario_pessimistic
2011-05-01 00:00:00,384253.2,384253,0,6,1,0,384253.1875,,384253.1875,384253.1875,384253.1875,,384253.1875,384253.1875,scenarios_random
2011-05-01 00:05:00,387246.3,387246,0,6,1,0,385749.75,2116.458984438985,387246.3125,384253.1875,385749.75,2116.458984438985,387246.3125,384253.1875,scenarios_random
2011-05-01 00:10:00,385493.16,385493,0,6,1,0,385664.21875,1503.8770230926257,387246.3125,384253.1875,385664.21875,1503.8770230926257,387246.3125,384253.1875,scenarios_random
2011-05-01 00:15:00,385535.94,385536,0,6,1,0,385632.1484375,1229.5845179704738,387246.3125,384253.1875,385632.1484375,1229.5845179704738,387246.3125,384253.1875,scenarios_random
2011-05-01 00:20:00,390795.28,390795,0,6,1,0,386664.775,2542.7340901138905,390795.28125,384253.1875,386664.775,2542.7340901138905,390795.28125,384253.1875,scenarios_random
2011-05-01 00:25:00,399176.0,399176,0,6,1,0,388749.9791666667,5591.140833723107,399176.0,384253.1875,388749.9791666667,5591.140833723107,399176.0,384253.1875,scenarios_random
2011-05-01 00:30:00,407770.56,407771,0,6,1,0,391467.2053571429,8816.685339565336,407770.5625,384253.1875,391467.2053571429,8816.685339565336,407770.5625,384253.1875,scenarios_random
2011-05-01 00:35:00,412645.06,412645,0,6,1,0,394114.4375,11076.632877234935,412645.0625,384253.1875,394114.4375,11076.632877234935,412645.0625,384253.1875,scenarios_random
2011-05-01 00:40:00,409651.94,409652,0,6,1,0,395840.8263888889,11583.569776671722,412645.0625,384253.1875,395840.8263888889,11583.569776671722,412645.0625,384253.1875,scenarios_random
2011-05-01 00:45:00,400929.12,400929,0,6,1,0,396349.65625,11038.993586617456,412645.0625,384253.1875,396349.65625,11038.993586617456,412645.0625,384253.1875,scenarios_random
2011-05-01 00:50:00,390923.56,390924,0,6,1,0,395856.375,10599.529790158638,412645.0625,384253.1875,395856.375,10599.529790158638,412645.0625,384253.1875,scenarios_random
2011-05-01 00:55:00,381174.53,381175,0,6,1,0,394632.8880208333,10958.988875745024,412645.0625,381174.53125,394632.8880208333,10958.988875745024,412645.0625,381174.53125,scenarios_random
2011-05-01 01:00:00,372793.78,372794,1,6,1,0,393677.9375,12355.929914765356,412645.0625,372793.78125,392952.9567307693,12115.252764945451,412645.0625,372793.78125,scenarios_random
2011-05-01 01:05:00,366978.6,366979,1,6,1,0,391988.9609375,14512.115625605808,412645.0625,366978.59375,391097.64508928574,13552.82879623472,412645.0625,366978.59375,scenarios_random
2011-05-01 01:10:00,364028.22,364028,1,6,1,0,390200.2161458333,16563.45602172993,412645.0625,364028.21875,389293.01666666666,14812.47730588445,412645.0625,364028.21875,scenarios_random
2011-05-01 01:15:00,363215.8,363216,1,6,1,0,388340.2057291667,18297.33142255643,412645.0625,363215.8125,387663.19140625,15725.249475924438,412645.0625,363215.8125,scenarios_random
2011-05-01 01:20:00,364199.25,364199,1,6,1,0,386123.8697916667,19541.39735606979,412645.0625,363215.8125,386282.9595588236,16254.65881932355,412645.0625,363215.8125,scenarios_random
2011-05-01 01:25:00,366123.4,366123,1,6,1,0,383369.4869791667,19861.22137523871,412645.0625,363215.8125,385162.984375,16469.67324135709,412645.0625,363215.8125,scenarios_random
2011-05-01 01:30:00,369800.66,369801,1,6,1,0,380205.328125,18605.24638963474,412645.0625,363215.8125,384354.4407894737,16389.075523154985,412645.0625,363215.8125,scenarios_random
2011-05-01 01:35:00,375487.62,375488,1,6,1,0,377108.875,15558.018156098487,409651.9375,363215.8125,383911.1,16074.696916514866,412645.0625,363215.8125,scenarios_random
2011-05-01 01:40:00,382842.12,382842,1,6,1,0,374874.7239583333,11971.531710916312,400929.125,363215.8125,383860.1964285714,15669.412929500257,412645.0625,363215.8125,scenarios_random
2011-05-01 01:45:00,392078.03,392078,1,6,1,0,374137.1328125,10388.309715999358,392078.03125,363215.8125,384233.734375,15391.824000195367,412645.0625,363215.8125,scenarios_random
2011-05-01 01:50:00,400244.97,400245,1,6,1,0,374913.9166666667,11983.628696622656,400244.96875,363215.8125,384929.875,15404.08257959726,412645.0625,363215.8125,scenarios_random
2011-05-01 01:55:00,402725.0,402725,1,6,1,0,376709.7890625,14381.933405842166,402725.0,363215.8125,385671.3385416667,15497.206985352668,412645.0625,363215.8125,scenarios_random
2011-05-01 02:00:00,400672.56,400673,2,6,1,0,379033.0208333333,15866.919895545245,402725.0,363215.8125,386355.4791666667,15791.510055797791,412645.0625,363215.8125,scenarios_random
2011-05-01 02:05:00,397722.22,397722,2,6,1,0,381594.9895833333,16221.655886323852,402725.0,363215.8125,386791.9752604167,15961.07719333295,412645.0625,363215.8125,scenarios_random
2011-05-01 02:10:00,394942.9,394943,2,6,1,0,384171.2135416667,15621.941445709364,402725.0,363215.8125,387185.71484375,16043.985278917497,412645.0625,363215.8125,scenarios_random
2011-05-01 02:15:00,392078.03,392078,2,6,1,0,386576.3984375,14265.23288126154,402725.0,364199.25,387458.3020833333,16070.29039367406,412645.0625,363215.8125,scenarios_random
2011-05-01 02:20:00,387802.16,387802,2,6,1,0,388543.3072916667,12405.30130613771,402725.0,366123.40625,387333.5885416667,16054.874499206258,412645.0625,363215.8125,scenarios_random
2011-05-01 02:25:00,382414.53,382415,2,6,1,0,389900.9010416667,10469.000599288753,402725.0,369800.65625,386635.1940104167,15880.95001352876,412645.0625,363215.8125,scenarios_random
2011-05-01 02:30:00,382329.03,382329,2,6,1,0,390944.9322916667,8768.91755252246,402725.0,375487.625,385575.1302083333,15245.20562814481,412645.0625,363215.8125,scenarios_random
2011-05-01 02:35:00,392548.38,392548,2,6,1,0,392366.6614583333,7293.957520391207,402725.0,382329.03125,384737.7682291667,14210.51582983687,409651.9375,363215.8125,scenarios_random
2011-05-01 02:40:00,406829.84,406830,2,6,1,0,394365.6380208333,7720.903969029611,406829.84375,382329.03125,384620.1809895833,14005.594552363673,406829.84375,363215.8125,scenarios_random
2011-05-01 02:45:00,408711.22,408711,2,6,1,0,395751.7369791667,8703.412271999514,408711.21875,382329.03125,384944.4348958333,14481.58753449306,408711.21875,363215.8125,scenarios_random
2011-05-01 02:50:00,396439.47,396439,2,6,1,0,395434.6119791667,8593.444970097304,408711.21875,382329.03125,385174.2643229167,14623.67764630435,408711.21875,363215.8125,scenarios_random
2011-05-01 02:55:00,388144.22,388144,2,6,1,0,394219.546875,8499.217816675338,408711.21875,382329.03125,385464.66796875,14609.992922882468,408711.21875,363215.8125,scenarios_random
2011-05-01 03:00:00,389298.72,389299,3,6,1,0,393271.7265625,8347.000098511468,408711.21875,382329.03125,386152.3736979167,14374.179112786956,408711.21875,363215.8125,scenarios_random
2011-05-01 03:05:00,395712.56,395713,3,6,1,0,393104.2552083333,8269.389098021535,408711.21875,382329.03125,387349.6223958333,13896.438775264449,408711.21875,363215.8125,scenarios_random
2011-05-01 03:10:00,402810.5,402810,3,6,1,0,393759.8880208333,8727.61059815897,408711.21875,382329.03125,388965.55078125,13309.092550246343,408711.21875,363215.8125,scenarios_random
2011-05-01 03:15:00,411191.25,411191,3,6,1,0,395352.65625,10038.398391599258,411191.25,382329.03125,390964.52734375,12869.015084817182,411191.25,364199.25,scenarios_random
2011-05-01 03:20:00,422565.1,422565,3,6,1,0,398249.5677083333,12399.653284835364,422565.09375,382329.03125,393396.4375,13103.834272156042,422565.09375,366123.40625,scenarios_random
2011-05-01 03:25:00,435991.4,435991,3,6,1,0,402714.3072916667,15450.085671224935,435991.40625,382329.03125,396307.6041666667,14471.045464354193,435991.40625,369800.65625,scenarios_random
2011-05-01 03:30:00,446381.78,446382,3,6,1,0,408052.0364583333,18525.533216363958,446381.78125,388144.21875,399498.484375,16651.022078231177,446381.78125,375487.625,scenarios_random
2011-05-01 03:35:00,449161.1,449161,3,6,1,0,412769.7630208333,21229.60397915512,449161.09375,388144.21875,402568.2122395833,18697.35651607221,449161.09375,382329.03125,scenarios_random
2011-05-01 03:40:00,444457.62,444458,3,6,1,0,415905.4114583333,22979.254277426546,449161.09375,388144.21875,405135.5247395833,20052.121622687973,449161.09375,382329.03125,scenarios_random
2011-05-01 03:45:00,435093.44,435093,3,6,1,0,418103.9296875,23484.8685219309,449161.09375,388144.21875,406927.8333333333,20744.71739417817,449161.09375,382329.03125,scenarios_random
2011-05-01 03:50:00,423719.6,423720,3,6,1,0,420377.2734375,22496.66492029957,449161.09375,388144.21875,407905.9427083333,20968.130768884323,449161.09375,382329.03125,scenarios_random
2011-05-01 03:55:00,411832.66,411833,3,6,1,0,422351.3098958333,20347.83456655369,449161.09375,389298.71875,408285.4283854167,20952.69866341427,449161.09375,382329.03125,scenarios_random
2011-05-01 04:00:00,400800.84,400801,4,6,1,0,423309.8203125,18866.28062310928,449161.09375,395712.5625,408290.7734375,20950.688443541378,449161.09375,382329.03125,scenarios_random
2011-05-01 04:05:00,392933.22,392933,4,6,1,0,423078.2083333333,19249.055571778437,449161.09375,392933.21875,408091.2317708333,21078.14187905998,449161.09375,382329.03125,scenarios_random
2011-05-01 04:10:00,389769.06,389769,4,6,1,0,421991.421875,20802.826472836798,449161.09375,389769.0625,407875.6549479167,21244.26629417143,449161.09375,382329.03125,scenarios_random
2011-05-01 04:15:00,391650.47,391650,4,6,1,0,420363.0234375,22426.53263881348,449161.09375,389769.0625,407857.83984375,21258.26457626384,449161.09375,382329.03125,scenarios_random
2011-05-01 04:20:00,401185.7,401186,4,6,1,0,418581.40625,23075.51675883971,449161.09375,389769.0625,408415.4869791667,20881.489180293316,449161.09375,382329.03125,scenarios_random
2011-05-01 04:25:00,423334.75,423335,4,6,1,0,417526.6848958333,22489.21184145625,449161.09375,389769.0625,410120.49609375,20329.467735295275,449161.09375,382329.03125,scenarios_random
2011-05-01 04:30:00,443987.28,443987,4,6,1,0,417327.1432291667,22218.91068649308,449161.09375,389769.0625,412689.58984375,20559.346480432352,449161.09375,388144.21875,scenarios_random
2011-05-01 04:35:00,441592.8,441593,4,6,1,0,416696.453125,21322.47847683624,444457.625,389769.0625,414733.1080729167,20904.856186002104,449161.09375,388144.21875,scenarios_random
2011-05-01 04:40:00,421111.28,421111,4,6,1,0,414750.9244791667,19550.67084481546,443987.28125,389769.0625,415328.16796875,20873.34526118311,449161.09375,388144.21875,scenarios_random
2011-05-01 04:45:00,407471.25,407471,4,6,1,0,412449.0755208333,18537.70054461884,443987.28125,389769.0625,415276.5026041667,20891.96179374028,449161.09375,388144.21875,scenarios_random
2011-05-01 04:50:00,400715.34,400715,4,6,1,0,410532.0546875,18455.514105575967,443987.28125,389769.0625,415454.6640625,20742.03384143561,449161.09375,388144.21875,scenarios_random
2011-05-01 04:55:00,396311.16,396311,4,6,1,0,409238.5963541667,18894.761141016468,443987.28125,389769.0625,415794.953125,20337.55319590895,449161.09375,389298.71875,scenarios_random
2011-05-01 05:00:00,394600.8,394601,5,6,1,0,408721.9270833333,19228.28802917917,443987.28125,389769.0625,416015.8736979167,20064.179014511366,449161.09375,389769.0625,scenarios_random
2011-05-01 05:05:00,398833.94,398834,5,6,1,0,409213.6536458333,18859.73380917337,443987.28125,389769.0625,416145.9309895833,19936.56020812157,449161.09375,389769.0625,scenarios_random
2011-05-01 05:10:00,410464.34,410464,5,6,1,0,410938.2604166667,17838.584410871437,443987.28125,391650.46875,416464.8411458333,19774.52663404649,449161.09375,389769.0625,scenarios_random
2011-05-01 05:15:00,426156.88,426157,5,6,1,0,413813.7942708333,17217.140018870858,443987.28125,394600.8125,417088.4088541667,19836.86342118369,449161.09375,389769.0625,scenarios_random
2011-05-01 05:20:00,439412.12,439412,5,6,1,0,416999.3307291667,18177.815550078,443987.28125,394600.8125,417790.3684895833,20331.015873358512,449161.09375,389769.0625,scenarios_random
2011-05-01 05:25:00,446766.62,446767,5,6,1,0,418951.9869791667,20079.30330555322,446766.625,394600.8125,418239.3359375,20862.45086640401,449161.09375,389769.0625,scenarios_random
2011-05-01 05:30:00,448819.06,448819,5,6,1,0,419354.6354166667,20666.82313927257,448819.0625,394600.8125,418340.8893229167,21010.80221739973,449161.09375,389769.0625,scenarios_random
2011-05-01 05:35:00,446424.56,446425,5,6,1,0,419757.28125,21180.16291823292,448819.0625,394600.8125,418226.8671875,20843.0295916917,448819.0625,389769.0625,scenarios_random
2011-05-01 05:40:00,439027.28,439027,5,6,1,0,421250.28125,21903.389753584597,448819.0625,394600.8125,418000.6028645833,20573.63147288163,448819.0625,389769.0625,scenarios_random
2011-05-01 05:45:00,427311.34,427311,5,6,1,0,422903.6223958333,21514.08765263556,448819.0625,394600.8125,417676.3489583333,20352.66321772932,448819.0625,389769.0625,scenarios_random
2011-05-01 05:50:00,413414.7,413415,5,6,1,0,423961.9010416667,20617.06348604485,448819.0625,394600.8125,417246.9778645833,20328.31289985885,448819.0625,389769.0625,scenarios_random
2011-05-01 05:55:00,400159.47,400159,5,6,1,0,424282.59375,20173.011548671115,448819.0625,394600.8125,416760.5950520833,20601.305862559548,448819.0625,389769.0625,scenarios_random
2011-05-01 06:00:00,390025.62,390026,6,6,1,0,423901.328125,20817.915694322142,448819.0625,390025.625,416311.6276041667,21076.181398813907,448819.0625,389769.0625,scenarios_random
2011-05-01 06:05:00,383782.8,383783,6,6,1,0,422647.0677083333,22822.40714200166,448819.0625,383782.8125,415930.3606770833,21593.889814560065,448819.0625,383782.8125,scenarios_random
2011-05-01 06:10:00,380276.6,380277,6,6,1,0,420131.421875,25761.813809328884,448819.0625,380276.59375,415534.8411458333,22173.06718739751,448819.0625,380276.59375,scenarios_random
2011-05-01 06:15:00,378181.4,378181,6,6,1,0,416133.4661458333,28335.77161571804,448819.0625,378181.40625,414973.6302083333,22960.353129394083,448819.0625,378181.40625,scenarios_random
2011-05-01 06:20:00,376770.38,376770,6,6,1,0,410913.3203125,29407.22452962064,448819.0625,376770.375,413956.3255208333,24109.923355278886,448819.0625,376770.375,scenarios_random
2011-05-01 06:25:00,375957.94,375958,6,6,1,0,405012.5963541667,28653.462763377775,448819.0625,375957.9375,411982.2916666667,25222.51626177242,448819.0625,375957.9375,scenarios_random
2011-05-01 06:30:00,375017.25,375017,6,6,1,0,398862.4453125,26212.50958182794,446424.5625,375017.25,409108.5403645833,25346.23266862128,448819.0625,375017.25,scenarios_random
2011-05-01 06:35:00,373648.97,373649,6,6,1,0,392797.8125,22340.870414305005,439027.28125,373648.96875,406277.546875,25354.640639400164,448819.0625,373648.96875,scenarios_random
2011-05-01 06:40:00,374033.8,374034,6,6,1,0,387381.6901041667,17459.487478079707,427311.34375,373648.96875,404315.9856770833,25970.72167541516,448819.0625,373648.96875,scenarios_random
2011-05-01 06:45:00,378437.97,378438,6,6,1,0,383308.9088541667,12209.285136656428,413414.6875,373648.96875,403106.265625,26488.3869258638,448819.0625,373648.96875,scenarios_random
2011-05-01 06:50:00,386433.88,386434,6,6,1,0,381060.5078125,7876.760395680936,400159.46875,373648.96875,402511.2044270833,26703.973420615923,448819.0625,373648.96875,scenarios_random
2011-05-01 06:55:00,396353.94,396354,6,6,1,0,380743.3802083333,7073.566294484277,396353.9375,373648.96875,402512.9869791667,26703.542983200397,448819.0625,373648.96875,scenarios_random
2011-05-01 07:00:00,407043.66,407044,7,6,1,0,382161.5494791667,10143.509989032938,407043.65625,373648.96875,403031.4388020833,26664.008655789134,448819.0625,373648.96875,scenarios_random
2011-05-01 07:05:00,416407.8,416408,7,6,1,0,384880.2994791667,14184.747128944548,416407.8125,373648.96875,403763.68359375,26784.758159620425,448819.0625,373648.96875,scenarios_random
2011-05-01 07:10:00,420298.9,420299,7,6,1,0,388215.4921875,17354.797703330132,420298.90625,373648.96875,404173.45703125,26966.33972814465,448819.0625,373648.96875,scenarios_random
2011-05-01 07:15:00,418118.2,418118,7,6,1,0,391543.5572916667,19006.3509358388,420298.90625,373648.96875,403838.51171875,26730.30548731235,448819.0625,373648.96875,scenarios_random
2011-05-01 07:20:00,412431.25,412431,7,6,1,0,394515.296875,19272.51715573718,420298.90625,373648.96875,402714.30859375,25717.303875636328,448819.0625,373648.96875,scenarios_random
2011-05-01 07:25:00,405205.03,405205,7,6,1,0,396952.5546875,18548.07321284608,420298.90625,373648.96875,400982.5755208333,23961.343016604573,448819.0625,373648.96875,scenarios_random
2011-05-01 07:30:00,398748.4,398748,7,6,1,0,398930.1510416667,17213.83709277089,420298.90625,373648.96875,398896.2981770833,21687.06066916756,446424.5625,373648.96875,scenarios_random
2011-05-01 07:35:00,394729.1,394729,7,6,1,0,400686.828125,15376.95381177209,420298.90625,374033.8125,396742.3203125,19184.047492608195,439027.28125,373648.96875,scenarios_random
2011-05-01 07:40:00,392334.6,392335,7,6,1,0,402211.8932291667,13254.24284764616,420298.90625,378437.96875,394796.7916666667,16946.469132626647,427311.34375,373648.96875,scenarios_random
2011-05-01 07:45:00,391094.6,391095,7,6,1,0,403266.6119791667,11589.45512476091,420298.90625,386433.875,393287.7604166667,15473.768454417786,420298.90625,373648.96875,scenarios_random
2011-05-01 07:50:00,390795.28,390795,7,6,1,0,403630.0625,11070.345611549315,420298.90625,390795.28125,392345.28515625,14871.717777369908,420298.90625,373648.96875,scenarios_random
2011-05-01 07:55:00,391308.38,391308,7,6,1,0,403209.5989583333,11460.757488467969,420298.90625,390795.28125,391976.4895833333,14778.970422439505,420298.90625,373648.96875,scenarios_random
2011-05-01 08:00:00,393061.5,393062,8,6,1,0,402044.4192708333,11742.815122473865,420298.90625,390795.28125,392102.984375,14774.53830337999,420298.90625,373648.96875,scenarios_random
2011-05-01 08:05:00,396653.25,396653,8,6,1,0,400398.2057291667,10900.65965376954,420298.90625,390795.28125,392639.2526041667,14692.76402548394,420298.90625,373648.96875,scenarios_random
2011-05-01 08:10:00,400843.62,400844,8,6,1,0,398776.9322916667,8942.677940170435,418118.1875,390795.28125,393496.2122395833,14539.3461894151,420298.90625,373648.96875,scenarios_random
2011-05-01 08:15:00,404734.66,404735,8,6,1,0,397661.6380208333,6916.18735064138,412431.25,390795.28125,394602.59765625,14332.10250037937,420298.90625,373648.96875,scenarios_random
2011-05-01 00:00:00,727435.75,727436,0,6,1,0,727435.75,,727435.75,727435.75,727435.75,,727435.75,727435.75,scenarios_stress
2011-05-01 00:05:00,686515.56,686516,0,6,1,0,706975.65625,28934.942068675,727435.75,686515.5625,706975.65625,28934.942068675,727435.75,686515.5625,scenarios_stress
2011-05-01 00:10:00,691988.7,691989,0,6,1,0,701980.0,22214.52633668522,727435.75,686515.5625,701980.0,22214.52633668522,727435.75,686515.5625,scenarios_stress
2011-05-01 00:15:00,689594.2,689594,0,6,1,0,698883.546875,19166.17353734116,727435.75,686515.5625,698883.546875,19166.17353734116,727435.75,686515.5625,scenarios_stress
2011-05-01 00:20:00,698274.25,698274,0,6,1,0,698761.6875,16600.62964420279,727435.75,686515.5625,698761.6875,16600.62964420279,727435.75,686515.5625,scenarios_stress
2011-05-01 00:25:00,702849.44,702849,0,6,1,0,699442.9791666666,14941.541877517331,727435.75,686515.5625,699442.9791666666,14941.541877517331,727435.75,686515.5625,scenarios_stress
2011-05-01 00:30:00,706783.25,706783,0,6,1,0,700491.5892857143,13918.996982675168,727435.75,686515.5625,700491.5892857143,13918.996982675168,727435.75,686515.5625,scenarios_stress
2011-05-01 00:35:00,706526.7,706527,0,6,1,0,701245.9765625,13061.942926857557,727435.75,686515.5625,701245.9765625,13061.942926857557,727435.75,686515.5625,scenarios_stress
2011-05-01 00:40:00,701994.25,701994,0,6,1,0,701329.1180555555,12220.87441500121,727435.75,686515.5625,701329.1180555555,12220.87441500121,727435.75,686515.5625,scenarios_stress
2011-05-01 00:45:00,695836.94,695837,0,6,1,0,700779.9,11652.113848602698,727435.75,686515.5625,700779.9,11652.113848602698,727435.75,686515.5625,scenarios_stress
2011-05-01 00:50:00,689294.9,689295,0,6,1,0,699735.8068181818,11583.868858124652,727435.75,686515.5625,699735.8068181818,11583.868858124652,727435.75,686515.5625,scenarios_stress
2011-05-01 00:55:00,681298.94,681299,0,6,1,0,698199.4010416666,12260.252907656528,727435.75,681298.9375,698199.4010416666,12260.252907656528,727435.75,681298.9375,scenarios_stress
2011-05-01 01:00:00,673901.7,673902,1,6,1,0,693738.2291666666,10225.822678247916,706783.25,673901.6875,696330.3461538461,13535.191594665612,727435.75,673901.6875,scenarios_stress
2011-05-01 01:05:00,666418.9,666419,1,6,1,0,692063.5052083334,12830.24033709304,706783.25,666418.875,694193.8125,15264.857024911344,727435.75,666418.875,scenarios_stress
2011-05-01 01:10:00,658465.7,658466,1,6,1,0,689269.921875,16084.787282547568,706783.25,658465.6875,691811.9375,17362.94323339232,727435.75,658465.6875,scenarios_stress
2011-05-01 01:15:00,652565.0,652565,1,6,1,0,686184.15625,19256.18424610169,706783.25,652565.0,689359.00390625,19433.05970049906,727435.75,652565.0,scenarios_stress
2011-05-01 01:20:00,649657.4,649657,1,6,1,0,682132.75,21468.530074779974,706783.25,649657.375,687023.6139705882,21136.69453385504,727435.75,649657.375,scenarios_stress
2011-05-01 01:25:00,649828.44,649828,1,6,1,0,677714.3333333334,22258.796451843737,706783.25,649657.375,684957.2152777778,22301.119441330717,727435.75,649657.375,scenarios_stress
2011-05-01 01:30:00,651709.8,651710,1,6,1,0,673124.8802083334,21380.68466054332,706526.6875,649657.375,683207.3519736842,22975.82082092076,727435.75,649657.375,scenarios_stress
2011-05-01 01:35:00,653676.75,653677,1,6,1,0,668720.71875,19207.621173348085,701994.25,649657.375,681730.821875,23317.53777896164,727435.75,649657.375,scenarios_stress
2011-05-01 01:40:00,655472.56,655473,1,6,1,0,664843.9114583334,16365.956815587422,695836.9375,649657.375,680480.4285714285,23438.33060086788,727435.75,649657.375,scenarios_stress
2011-05-01 01:45:00,656199.5,656200,1,6,1,0,661540.7916666666,13244.2816110842,689294.875,649657.375,679376.75,23451.94882636544,727435.75,649657.375,scenarios_stress
2011-05-01 01:50:00,656669.9,656670,1,6,1,0,658822.0416666666,9973.867755657238,681298.9375,649657.375,678389.4945652174,23396.83026837637,727435.75,649657.375,scenarios_stress
2011-05-01 01:55:00,660090.56,660091,1,6,1,0,657054.6770833334,7091.440333488875,673901.6875,649657.375,677627.0390625,23185.4109476282,727435.75,649657.375,scenarios_stress
2011-05-01 02:00:00,666034.06,666034,2,6,1,0,656399.0416666666,5598.888647226664,666418.875,649657.375,675068.6354166666,20705.33913269932,706783.25,649657.375,scenarios_stress
2011-05-01 02:05:00,671250.6,671251,2,6,1,0,656801.6875,6488.101546106162,671250.625,649657.375,674432.5963541666,20572.449437934,706783.25,649657.375,scenarios_stress
2011-05-01 02:10:00,673132.0,673132,2,6,1,0,658023.8802083334,8028.558279668959,673132.0,649657.375,673646.9010416666,20230.03594393173,706783.25,649657.375,scenarios_stress
2011-05-01 02:15:00,672789.94,672790,2,6,1,0,659709.2916666666,8858.406187220842,673132.0,649657.375,672946.7239583334,19942.856015330515,706783.25,649657.375,scenarios_stress
2011-05-01 02:20:00,672191.3,672191,2,6,1,0,661587.1197916666,8922.035620567214,673132.0,649828.4375,671859.9348958334,19199.459977681785,706783.25,649657.375,scenarios_stress
2011-05-01 02:25:00,673730.6,673731,2,6,1,0,663578.96875,8724.148710729014,673730.625,651709.8125,670646.6510416666,18041.09304958775,706783.25,649657.375,scenarios_stress
2011-05-01 02:30:00,677151.4,677151,2,6,1,0,665699.0989583334,8668.712781243941,677151.375,653676.75,669411.9895833334,16399.809382836247,706526.6875,649657.375,scenarios_stress
2011-05-01 02:35:00,679588.56,679589,2,6,1,0,667858.4166666666,8628.920092202608,679588.5625,655472.5625,668289.5677083334,14568.82032966994,701994.25,649657.375,scenarios_stress
2011-05-01 02:40:00,681598.3,681598,2,6,1,0,670035.5625,8514.888927111428,681598.3125,656199.5,667439.7369791666,13030.97660337718,695836.9375,649657.375,scenarios_stress
2011-05-01 02:45:00,682410.7,682411,2,6,1,0,672219.828125,7988.580288401008,682410.6875,656669.875,666880.3098958334,12006.81587712974,689294.875,649657.375,scenarios_stress
2011-05-01 02:50:00,682453.44,682453,2,6,1,0,674368.4583333334,6805.866070403399,682453.4375,660090.5625,666595.25,11522.987965034172,682453.4375,649657.375,scenarios_stress
2011-05-01 02:55:00,681512.75,681513,2,6,1,0,676153.640625,5380.588231344096,682453.4375,666034.0625,666604.1588541666,11534.926665493833,682453.4375,649657.375,scenarios_stress
2011-05-01 03:00:00,678434.1,678434,3,6,1,0,677186.9791666666,4353.048168440279,682453.4375,671250.625,666793.0104166666,11695.581625539971,682453.4375,649657.375,scenarios_stress
2011-05-01 03:05:00,676424.44,676424,3,6,1,0,677618.1302083334,3949.1056096390753,682453.4375,672191.3125,667209.9088541666,11858.85394208162,682453.4375,649657.375,scenarios_stress
2011-05-01 03:10:00,676338.94,676339,3,6,1,0,677885.375,3719.7717265221177,682453.4375,672191.3125,667954.6276041666,11847.055769589751,682453.4375,649657.375,scenarios_stress
2011-05-01 03:15:00,673089.25,673089,3,6,1,0,677910.3177083334,3683.323409227509,682453.4375,672191.3125,668809.8046875,11420.965923665126,682453.4375,649657.375,scenarios_stress
2011-05-01 03:20:00,666932.0,666932,3,6,1,0,677472.0416666666,4619.592594929192,682453.4375,666932.0,669529.5807291666,10681.885045303774,682453.4375,649828.4375,scenarios_stress
2011-05-01 03:25:00,658465.7,658466,3,6,1,0,676199.9635416666,7151.427703207796,682453.4375,658465.6875,669889.4661458334,10119.992342581942,682453.4375,651709.8125,scenarios_stress
2011-05-01 03:30:00,650940.1,650940,3,6,1,0,674015.6927083334,10191.234605572943,682453.4375,650940.125,669857.3958333334,10181.143427670058,682453.4375,650940.125,scenarios_stress
2011-05-01 03:35:00,644526.3,644526,3,6,1,0,671093.8385416666,13068.330131712486,682453.4375,644526.3125,669476.1276041666,10955.329031899104,682453.4375,644526.3125,scenarios_stress
2011-05-01 03:40:00,637086.25,637086,3,6,1,0,667384.5,15839.121799069508,682453.4375,637086.25,668710.03125,12509.754515973926,682453.4375,637086.25,scenarios_stress
2011-05-01 03:45:00,630544.2,630544,3,6,1,0,663062.2916666666,18257.999663447707,682453.4375,630544.1875,667641.0598958334,14554.327726316957,682453.4375,630544.1875,scenarios_stress
2011-05-01 03:50:00,625327.56,625328,3,6,1,0,658301.8020833334,20097.1417788944,681512.75,625327.5625,666335.1302083334,16812.506713075585,682453.4375,625327.5625,scenarios_stress
2011-05-01 03:55:00,619127.56,619128,3,6,1,0,653103.0364583334,21562.579454291183,678434.125,619127.5625,664628.3385416666,19360.23861412772,682453.4375,619127.5625,scenarios_stress
2011-05-01 04:00:00,611302.7,611303,4,6,1,0,647508.75,23050.23327538597,676424.4375,611302.6875,662347.8645833334,22202.29994479266,682453.4375,611302.6875,scenarios_stress
2011-05-01 04:05:00,600655.75,600656,4,6,1,0,641194.6927083334,24725.99770238125,676338.9375,600655.75,659406.4114583334,25415.39688108907,682453.4375,600655.75,scenarios_stress
2011-05-01 04:10:00,588597.75,588598,4,6,1,0,633882.9270833334,26310.90687733848,673089.25,588597.75,655884.1510416666,29031.016608488266,682453.4375,588597.75,scenarios_stress
2011-05-01 04:15:00,577095.6,577096,4,6,1,0,625883.4583333334,27854.599662041903,666932.0,577095.625,651896.8880208334,32919.31249541079,682453.4375,577095.625,scenarios_stress
2011-05-01 04:20:00,565593.5,565594,4,6,1,0,617438.5833333334,29586.193468247697,658465.6875,565593.5,647455.3125,37000.36133388856,682453.4375,565593.5,scenarios_stress
2011-05-01 04:25:00,550585.1,550585,4,6,1,0,608448.5364583334,32256.192618126264,650940.125,550585.125,642324.25,41467.21539780343,682453.4375,550585.125,scenarios_stress
2011-05-01 04:30:00,531471.9,531472,4,6,1,0,598492.8489583334,36150.64985421049,644526.3125,531471.875,636254.2708333334,46503.96794330967,682453.4375,531471.875,scenarios_stress
2011-05-01 04:35:00,514624.97,514625,4,6,1,0,587667.7369791666,40321.55898225986,637086.25,514624.96875,629380.7877604166,51719.22088866563,682453.4375,514624.96875,scenarios_stress
2011-05-01 04:40:00,500642.78,500643,4,6,1,0,576297.4479166666,44173.06986723714,630544.1875,500642.78125,621840.9739583334,56723.82485144045,682453.4375,500642.78125,scenarios_stress
2011-05-01 04:45:00,488926.84,488927,4,6,1,0,564496.0026041666,47178.08186774217,625327.5625,488926.84375,613779.1471354166,61305.45957744569,682453.4375,488926.84375,scenarios_stress
2011-05-01 04:50:00,479391.66,479392,4,6,1,0,552334.6770833334,48851.33526028346,619127.5625,479391.65625,605318.2395833334,65297.98525186812,681512.75,479391.65625,scenarios_stress
2011-05-01 04:55:00,470754.3,470754,4,6,1,0,539970.2395833334,49184.714080335165,611302.6875,470754.3125,596536.6380208334,68689.30320600724,678434.125,470754.3125,scenarios_stress
2011-05-01 05:00:00,462159.8,462160,5,6,1,0,527541.6666666666,48357.57760586096,600655.75,462159.8125,587525.2083333334,71602.7873900487,676424.4375,462159.8125,scenarios_stress
2011-05-01 05:05:00,453693.6,453694,5,6,1,0,515294.8203125,46740.14643394852,588597.75,453693.59375,578244.7565104166,73974.39215472939,676338.9375,453693.59375,scenarios_stress
2011-05-01 05:10:00,447963.88,447964,5,6,1,0,503575.3307291667,44254.46422074219,577095.625,447963.875,568729.12890625,75480.59170971056,673089.25,447963.875,scenarios_stress
2011-05-01 05:15:00,446638.38,446638,5,6,1,0,492703.8932291667,40408.548888877405,565593.5,446638.375,559293.67578125,76019.67833626203,666932.0,446638.375,scenarios_stress
2011-05-01 05:20:00,447194.2,447194,5,6,1,0,482837.2838541667,35099.07772680506,550585.125,446638.375,550137.93359375,75724.10679342401,658465.6875,446638.375,scenarios_stress
2011-05-01 05:25:00,446510.06,446510,5,6,1,0,474164.3619791667,29199.408423631787,531471.875,446510.0625,541306.44921875,74896.21185431044,650940.125,446510.0625,scenarios_stress
2011-05-01 05:30:00,444286.62,444287,5,6,1,0,466898.9244791667,24033.59222716302,514624.96875,444286.625,532695.88671875,73612.10888145446,644526.3125,444286.625,scenarios_stress
2011-05-01 05:35:00,439711.4,439711,5,6,1,0,460656.1276041667,19880.243277747493,500642.78125,439711.40625,524161.9322916667,71936.94932645511,637086.25,439711.40625,scenarios_stress
2011-05-01 05:40:00,432143.1,432143,5,6,1,0,454947.8203125,16977.279375015383,488926.84375,432143.09375,515622.6341145833,70089.62026956248,630544.1875,432143.09375,scenarios_stress
2011-05-01 05:45:00,423847.88,423848,5,6,1,0,449524.5729166667,15463.156744715105,479391.65625,423847.875,507010.2877604167,68023.09861646655,625327.5625,423847.875,scenarios_stress
2011-05-01 05:50:00,415809.22,415809,5,6,1,0,444226.0364583333,15189.679385472566,470754.3125,415809.21875,498280.3567708333,65578.97381376161,619127.5625,415809.21875,scenarios_stress
2011-05-01 05:55:00,406787.06,406787,5,6,1,0,438895.4322916667,16222.692328109826,462159.8125,406787.0625,489432.8359375,62832.465408864,611302.6875,406787.0625,scenarios_stress
2011-05-01 06:00:00,397465.66,397466,6,6,1,0,433504.2526041667,18393.05784406781,453693.59375,397465.65625,480522.9596354167,59892.13864278633,600655.75,397465.65625,scenarios_stress
2011-05-01 06:05:00,389084.94,389085,6,6,1,0,428120.1979166667,21189.53400597054,447963.875,389084.9375,471707.5091145833,56938.7553428223,588597.75,389084.9375,scenarios_stress
2011-05-01 06:10:00,382286.25,382286,6,6,1,0,422647.0625,23906.02166678753,447194.1875,382286.25,463111.1966145833,54023.27108104426,577095.625,382286.25,scenarios_stress
2011-05-01 06:15:00,376855.88,376856,6,6,1,0,416831.8541666667,25940.36271024321,447194.1875,376855.875,454767.8736979167,51033.95439112307,565593.5,376855.875,scenarios_stress
2011-05-01 06:20:00,373563.47,373563,6,6,1,0,410695.9609375,26799.62390409904,446510.0625,373563.46875,446766.6223958333,47857.59624335168,550585.125,373563.46875,scenarios_stress
2011-05-01 06:25:00,372537.25,372537,6,6,1,0,404531.5598958333,26316.01227504817,444286.625,372537.25,439347.9609375,44764.54354572605,531471.875,372537.25,scenarios_stress
2011-05-01 06:30:00,371468.28,371468,6,6,1,0,398463.3645833333,24658.94044732715,439711.40625,371468.28125,432681.14453125,42294.51657444959,514624.96875,371468.28125,scenarios_stress
2011-05-01 06:35:00,369073.78,369074,6,6,1,0,392576.8958333333,22228.640981785546,432143.09375,369073.78125,426616.51171875,40427.81697884014,500642.78125,369073.78125,scenarios_stress
2011-05-01 06:40:00,365524.78,365525,6,6,1,0,387025.3697916667,19613.85611342982,423847.875,365524.78125,420986.5950520833,39055.70199493905,488926.84375,365524.78125,scenarios_stress
2011-05-01 06:45:00,363087.53,363088,6,6,1,0,381962.0078125,16898.651043166803,415809.21875,363087.53125,415743.2903645833,37970.01739371767,479391.65625,363087.53125,scenarios_stress
2011-05-01 06:50:00,362702.7,362703,6,6,1,0,377536.4635416667,13920.132259692162,406787.0625,362702.6875,410881.25,36922.04224203054,470754.3125,362702.6875,scenarios_stress
2011-05-01 06:55:00,364156.5,364156,6,6,1,0,373983.9166666667,10885.560564205183,397465.65625,362702.6875,406439.6744791667,35801.02748784918,462159.8125,362702.6875,scenarios_stress
2011-05-01 07:00:00,367363.44,367363,7,6,1,0,371475.3984375,8092.512829381935,389084.9375,362702.6875,402489.8255208333,34595.29953219683,453693.59375,362702.6875,scenarios_stress
2011-05-01 07:05:00,372152.4,372152,7,6,1,0,370064.3541666667,5930.248539972312,382286.25,362702.6875,399092.2760416667,33328.85689976968,447963.875,362702.6875,scenarios_stress
2011-05-01 07:10:00,378480.72,378481,7,6,1,0,369747.2265625,5283.765369120813,378480.71875,362702.6875,396197.14453125,31885.619210317447,447194.1875,362702.6875,scenarios_stress
2011-05-01 07:15:00,386091.8,386092,7,6,1,0,370516.8880208333,6853.028547293054,386091.8125,362702.6875,393674.37109375,30064.41427453996,447194.1875,362702.6875,scenarios_stress
2011-05-01 07:20:00,392933.22,392933,7,6,1,0,372131.0338541667,9431.80610745552,392933.21875,362702.6875,391413.4973958333,27821.237190010022,446510.0625,362702.6875,scenarios_stress
2011-05-01 07:25:00,397465.66,397466,7,6,1,0,374208.4010416667,11940.9199361496,397465.65625,362702.6875,389369.98046875,25283.834462713865,444286.625,362702.6875,scenarios_stress
2011-05-01 07:30:00,400886.38,400886,7,6,1,0,376659.9088541667,14143.834537058969,400886.375,362702.6875,387561.63671875,22594.313909327124,439711.40625,362702.6875,scenarios_stress
2011-05-01 07:35:00,404264.3,404264,7,6,1,0,379592.453125,15959.564209530348,404264.3125,362702.6875,386084.6744791667,20052.752582260586,432143.09375,362702.6875,scenarios_stress
2011-05-01 07:40:00,408198.16,408198,7,6,1,0,383148.5677083333,17242.706061285346,408198.15625,362702.6875,385086.96875,18168.695569286047,423847.875,362702.6875,scenarios_stress
2011-05-01 07:45:00,412260.22,412260,7,6,1,0,387246.2916666667,17873.207420350376,412260.21875,362702.6875,384604.1497395833,17223.236820686787,415809.21875,362702.6875,scenarios_stress
2011-05-01 07:50:00,414141.6,414142,7,6,1,0,391532.8671875,17618.27303143886,414141.59375,364156.5,384534.6653645833,17094.75610443967,414141.59375,362702.6875,scenarios_stress
2011-05-01 07:55:00,413585.75,413586,7,6,1,0,395651.9713541667,16369.869553099405,414141.59375,367363.4375,384817.9440104167,17530.316847070564,414141.59375,362702.6875,scenarios_stress
2011-05-01 08:00:00,412901.62,412902,8,6,1,0,399446.8203125,14372.314866767318,414141.59375,372152.40625,385461.109375,18281.585929218705,414141.59375,362702.6875,scenarios_stress
2011-05-01 08:05:00,414611.97,414612,8,6,1,0,402985.1171875,12086.65654849143,414611.96875,378480.71875,386524.7356770833,19220.082436800378,414611.96875,362702.6875,scenarios_stress
2011-05-01 08:10:00,419272.66,419273,8,6,1,0,406384.4453125,10149.398268078448,419272.65625,386091.8125,388065.8359375,20316.97498119729,419272.65625,362702.6875,scenarios_stress
2011-05-01 08:15:00,425130.62,425131,8,6,1,0,409637.6796875,9272.339299196754,425130.625,392933.21875,390077.2838541667,21513.35387472867,425130.625,362702.6875,scenarios_stress
